#{"t_start": 1610106348.9607565, "env_id": "AntWall-v0"}
r,l,t--26.094628,53,1.292826241.694782,500,2.24714
-28.468032,49,2.359893
-14.192606,14,2.392124
-91020.820767,500,2.922-20.808633,73,2.634369
-7.88-15.857557,62,3.10-13.37.01789,34,3.18244-9.982754,60,2.876513735.-11.040972,53,3.353066
-225.059429,500,4.480414
128.835851,140,4.796327
-58.920335,82,4.980203
404.703702,500,12.430754
78.256104,114,12.688458
-8.92021,11,12.71402
-13.753118,20,12.761063
-6.102387,8,12.786637
-10.57768,46,12.890839
-13.39355,41,12.984245
-20.163733,20,13.030622
-5.494328,3351.229014,500,13.299273
-17.502344,36,13.38178
-16.461635,52,13.500653
1006.24481,500,14.632042
7.36939,123,14.909496
-28.457282,49,15.019989
-21.709301,30,15.089805
-13.293823,77,15.263348
-26.982047,71,15.422795
1637.690856,500,16.556632
166.004492,193,23.711087
7.447926,91,23.918868
-22.97767,70,24.077806
94.729937,87,24.275
-17.052654,41,24.367207
-17.125379,21,24.41454
-2.005503,33,24.488873
-17.645024,28,24.551884
14.766907,68,24.706119
-11.447038,14,24.738201
-13.933354,14,24.769799
-9.49838,28,24.833066
1082.955272,500,25.969145
-38.021811,60,26.105029
-24.811761,36,26.187001
-34.960739,62,26.327245
-4.003041,79,26.505996
72.283719,97,26.725396
-31.494097,53,26.845694
-19.182957,19,26.889343
-18.608006,38,26.975965
-18.823186,17,27.014942
-15.679266,30,27.083489
-33.412314,83,27.272916
-103.193503,500,34.771306
-8.638717,89,34.972766
22.16558,80,35.153345
-21.822421,29,35.219455
58.886844,88,35.418083
1034.154013,500,36.554345
-20.34449,25,36.669095
141.966309,500,39.254939
-10.973158,61,39.57015
-15.519037,35,39.750048
-13.921219,54,40.026726
-7.550713,89,40.483922
4.13641,49,40.738655
-14.3532,18,40.830031
5.210926,63,41.156334
87.124481,96,41.652568
179.851187,144,42.395407
-13.422946,68,49.010963
-3.162602,68,49.16903
34.610645,99,49.393977
-41.227842,74,49.561923
35.253426,145,49.893048
276.187847,500,51.03196
-10.029198,11,51.057167
-18.416977,19,51.10036
-35.500068,45,51.203424
175.774346,111,51.457278
-54.018692,73,51.622777
-18.024587,26,51.682065
-25.705767,37,51.765776
-7.209403,63,51.910158
-3.600301,22,51.959994
-12.588364,17,51.998839
-6.288331,19,52.043611
-9.794058,92,52.251338
-9.625918,22,52.301332
-13.36078,15,52.335927
126.292223,153,52.682736
-24.640939,54,52.806127
17.196367,77,52.981112
-13.56513,48,53.09092
-196.806675,500,60.456431
-20.867597,77,60.631067
-12.56336,15,60.665184
-20.543182,80,60.846518
-40.814899,77,61.022449
-13.311475,15,61.057421
-18.233981,43,61.154303
22.939015,102,61.384629
-15.157439,16,61.421314
-10.001078,23,61.473559
19.401563,73,61.63924
790.571361,500,62.778271
-9.555499,13,62.807961
-6.527396,27,62.869608
-13.66551,20,62.915373
4.426844,52,63.034829
-10.250963,12,63.062548
6.079489,45,63.165774
423.380241,500,64.300082
619.36692,500,71.551582
-16.278027,116,71.816001
-35.150864,49,71.92692
-12.238934,26,71.986249
52.783064,77,72.16061
-7.38815,41,72.254503
0.860646,62,72.396698
561.783813,500,73.53091
-14.545705,12,73.558589
-9.154113,16,73.595446
-8.045695,14,73.627387
41.133236,77,73.800443
8.939585,58,73.932728
-8.462474,20,73.979106
-36.506459,70,74.137429
-14.156615,15,74.171405
-20.238982,49,74.282109
300.515132,500,81.586227
-8.843299,9,81.607612
-16.84458,22,81.658257
-27.735942,27,81.719861
12.667211,89,81.92109
5.507706,31,81.991831
-19.881813,26,82.051191
-17.856505,30,82.119647
57.792802,60,82.256925
-29.09529,73,82.423648
-2.421755,35,82.50314
-22.441371,21,82.551094
-3.445175,92,82.759724
-20.990418,27,82.821742
-33.592979,40,82.913155
14.514096,86,83.107744
15.273221,68,83.261414
-11.704459,32,83.334857
-14.998487,41,83.427479
-12.284765,27,83.48877
-13.935878,15,83.522832
-3.195519,26,83.582813
-40.510193,57,83.713566
-20.000365,30,83.781846
-20.809869,37,83.867668
-17.065737,23,83.919919
-15.527,16,83.957351
-14.813427,69,84.112849
-12.608351,29,84.178913
69.796963,500,85.316776
-3.439916,70,85.476536
129.333923,174,85.872932
-19.138688,26,85.932202
-18.216085,19,85.976166
-92.741619,500,93.38399
687.919014,500,94.519837
-14.353886,37,94.604526
-20.943055,32,94.677254
-20.566248,76,94.849545
-18.550786,22,94.900248
175.144421,500,96.033579
-5.834635,27,96.095766
-6.614907,15,96.129669
-9.053198,14,96.161937
4.317281,55,96.287263
-11.56131,21,96.336157
-21.613656,37,96.420097
79.913345,175,96.815635
90.003814,152,103.585321
10.75865,59,103.719964
-15.022706,103,103.952048
-40.304051,48,104.061689
-36.065332,54,104.183717
-11.38586,53,104.303645
-13.91289,17,104.342529
-6.563588,11,104.368096
-31.367508,129,104.660213
-48.026626,104,104.895763
-14.591681,40,104.987158
-57.801122,500,106.120254
40.890274,85,106.313302
-40.296982,60,106.450101
-8.660461,12,106.477645
-1.728888,63,106.620514
-21.150731,50,106.734227
-16.215929,22,106.784199
-34.057609,37,106.868036
500.353466,246,107.426672
39.13222,123,107.705021
-35.247837,56,107.832758
-36.232069,66,107.982098
-1.121903,123,114.315652
-10.26583,17,114.354304
39.727786,67,114.506528
-10.896071,13,114.536444
-9.004396,11,114.562034
-6.371208,137,114.871985
-24.026374,71,115.032273
-18.887957,26,115.091655
-11.270982,40,115.182798
-24.367584,44,115.283706
83.525068,100,115.510025
-11.023444,17,115.548706
-202.119901,500,116.686854
-8.800818,9,116.707562
-45.162585,65,116.854147
-25.523478,74,117.020333
-4.612462,139,117.334608
-9.029015,12,117.36199
-33.741593,64,117.507278
-12.868025,54,117.62992
-14.767455,25,117.686927
90.850284,86,117.88243
-17.326106,25,117.93956
149.68833,109,118.186937
-3.601961,8,118.205259
-16.313053,44,118.304543
-6.229205,37,118.388648
-18.497562,38,118.476203
-9.873882,17,118.514878
-9.385357,51,118.631037
-20.179269,20,118.67658
-13.767232,24,118.732158
-3-27.724437,57,118.5825-16.4.888091,31,125.284431-2-16.529992,55,125.409174-3-30.24876,47,125.517686
-8.218618,9,125.538049
38.878921,95,125.940526
-11.103172,13,125.970916
-3.235248,93,126.181856
-16.724909,21,126.230356
-1393.316943,208,126.279481
-18.19464,40,126.3711770.9.547881,84,126.562464
-6.614609,12,126.590107
14.613822,49,126.701358
-37.488999,45,126.803773
-2.882163,121,127.075576
48.774948,70,127.234712-142.284743,500,128.103611
1821.704499,500,129.231622
-17.013308,64,129.377445
-10.198772,17,129.416183
-28.877914,58,129.547771
78.895279,93,129.757398
719.823603,500,136.941337
-29.501586,45,137.043603
7.897803,97,137.260001
-16.074393,55,137.384319
-15.650342,24,137.439387
15.116363,61,137.577446
18.375434,165,137.949142
-16.149638,59,138.083935
23.336609,109,138.330349
-8.516583,12,138.357974
-4.45784,9,138.378558
206.628876,142,138.700312
-6.175857,28,138.763935
0.414632,56,138.89094
-4.480316,34,138.968776
-9.727288,15,139.003736
-16.865601,21,139.051874
-10.456564,17,139.091521
-16.817615,22,139.141715
-15.009183,18,139.18349
631.828513,308,139.881382
31.615913,55,140.0055
-92.371246,449,147.123414
-17.437715,70,147.282487
41.594135,95,147.498416
-11.170093,18,147.539159
-13.602601,23,147.591557
1.912886,60,147.727798
-26.31832,40,147.818564
-20.614525,82,148.004205
105.408098,87,148.201379
52.654139,72,148.363779
113.299181,500,149.496781
-19.22232,40,149.588059
-24.352602,32,149.661103
-0.362368,91,149.867124
-13.899856,22,149.917676
11.04894,105,150.155761
221.163971,145,150.484316
-14.134021,17,150.523097
185.801766,189,150.950649
-13.633541,15,150.985016
-11.326565,23,151.03699
-24.175611,41,151.130009
-13.002368,18,151.171543
-20.940825,35,151.250504
-16.565232,33,151.325984
-11.957919,58,151.456301
-17.093662,45,151.557997
-25.559431,86,157.733959
33.113544,133,158.035183
59.723011,108,158.281235
-2.777984,36,158.363439
62.866729,90,158.56695
-8.046649,15,158.601562
-206.821136,500,159.735276
-8.119008,17,159.773887
15.82587,49,159.884039
123.926738,137,160.194585
169.615616,153,160.540183
-7.189989,15,160.574763
138.354556,145,160.905405
-18.765141,69,161.062238
-14.547273,18,161.103558
-26.81588,56,161.231332
-21.395654,58,161.36124
-12.397697,30,161.430479
84.768575,131,161.725657
-18.038452,31,161.796044
32.529261,164,162.165128
-97.55855,500,169.433009
-7.808357,19,169.47606
503.934659,500,170.605396
5.661474,28,170.669864
58.190305,76,170.841007
15.995333,50,170.954664
-5.836291,12,170.982749
-13.56645,43,171.081172
-5.482603,12,171.108917
-24.743745,54,171.232903
-18.017926,19,171.275758
2312.664247,500,172.408044
-16.491643,22,172.458224
-21.129953,72,172.622034
-17.064954,29,172.688109
53.737014,101,172.918182
-17.703809,23,172.970925
-19.841557,21,179.670634
-7.797494,31,179.74121
716.064519,254,180.315145
23.270625,59,180.449211
-8.660967,24,180.504322
28.037874,58,180.636434
12.175602,49,180.747646
-10.570747,12,180.775303
-4.686631,96,180.993685
-8.822027,25,181.050586
-14.599954,33,181.126309
-23.811207,68,181.280802
200.60322,176,181.680614
28.50743,86,181.877111
-12.623875,98,182.099913
425.936496,500,182.278666
-6.846616,16,182.315274
40.591565,93,182.53069
4.256085,63,182.677487
-2.931164,181,183.086876
-10.0839,29,183.152411
-33.293911,54,183.274942
-9.69.13441,88,183.606627174.732912,111,183.548349
-140.3857,146,183.970144
-4.978005,28,184.033126
38.051486,500,192.734218
-92.555858,500,192.565395-6.806811,37,192.86132
-11-6.746714,34,192.67303759.398171,500,194.023034
-14.661164,22,194.073197
-27.945329,73,194.239373
155.435442,500,195.368087
-23.683637,46,195.472208
155.933205,500,195.619331
260.08939,500,202.977527
-11.802992,17,203.016462
-15.300638,24,203.071376
205.237923,181,203.478949
286.436696,190,203.908553
-16.073454,20,203.954113
63.724222,77,204.128326
660.049083,500,205.261835
-5.500491,54,205.384104
-9.401716,18,205.426451
-11.534213,20,205.471292
-23.420545,55,205.-262.238611,500,206.288933
-20.182145,35,206.368541
43.773561,89,206.572093
-15.055337,16,206.608364
-32.181722,99,206.83241
-16.748242,23,206.884809
-16.039575,94,207.099082
-8.752004,19,207.14314
-28.7591.347787,500,213.742098
6.830206,36,213.82425
-13.763549,35,213.903853
-25.494933,141,214.224244
-2.802749,51,214.339167
-3.804422,67,214.489836
70.953202,86,214.68391
48.865551,104,214.919099
-56.668657,232,215.444332
0.958776,90,215.648969
-3.484883,21,215.697479
1062.352493,304,216.387765
224.120577,133,216.688172
-18.019419,28,216.752452
16.639436,66,216.902886
-27.736109,58,217.034004
-12.285259,34,217.112263
-9.773493,38,217.198867
-8.867305,15,217.23311
-3.909723,9,217.253818
83.815063,139,217.569539
-9.868827,51,217.685998
-9.85136,43,217.783342
-15.433099,33,217.858563
90.693035,328,224.797076
70.796421,115,225.058689
-24.489357,68,225.211119.4202.963005,500,226.35517
347.60981,222,226.859778
5.408586,68,227.015165
365.866504,500,228.158128
-11.871146,17,228.196676
-12.390244,14,228.228521
6.530839,71,228.389539
28.370469,65,228.536614
20.943951,69,228.693818
298.121549,500,236.917307
-1.412042,59,237.051574
-14.46319,38,237.138534
-8.543643,31,237.209237
-15.271641,25,237.267029
-21.655365,50,237.379009
1255.802304,500,238.519023
50.833666,133,238.82284
401.445315,500,239.961866
-33.920123,79,240.141343
-22.738072,38,240.228617
284.731466,500,248.511725
-32.311487,127,248.799609
13.961204,81,248.982864
-46.445657,107,249.223665
-170.716977,500,250.363094
-14.004363,56,250.490639
-22.87458,42,250.585718
-19.074785,51,250.701196
173.36275,82,250.888248
-21.487898,67,251.041598
-15.952357,28,251.10569
106.359436,176,251.504149
134.509653,138,251.817711
509.064599,268,252.423932
-9.421156,13,252.45353
-6.827414,78,259.7738
1.735189,63,259.917701
-0.475201,89,260.12165
-14.679921,25,260.17912
-16.102371,66,260.328798
935.315781,500,261.471771
13.201729,130,261.767806
-69.470737,500,262.902849
-202.765861,500,264.036451
13.158917,45,264.139506
5.411628,33,264.214784
-4.702602,34,270.368126
109.295881,96,270.588813
220.550769,165,270.964608
-3.152676,67,271.116368
88.202372,115,271.376001
463.168096,272,271.993721
-4.81967,42,272.089426
6.092763,49,272.201483
4.712227,77,272.375689
88.748497,500,273.521204
-40.366459,500,274.655601
3.744114,84,274.846702
17.016283,90,281.882141
307.654523,175,282.284636
-14.188112,24,282.339636
-11.868075,82,282.532135
35.992928,87,282.730004
-33.185552,69,282.885276
-12.620649,17,282.923493
1.36432,500,284.057784
345.911842,259,284.64776
-10.620764,41,284.741432
63.769085,102,284.972141
611.198474,500,286.110123
-11.14529,33,286.185089
-27.880657,72,286.34888
11.606147,94,293.185073
1312.648892,500,294.314801
-10.38167,17,294.353349
199.966144,500,295.49189
9.347527,87,295.688954
120.213564,170,296.074614
122.649786,241,296.619782
587.71284,500,297.751904
316.538326,500,305.653039
336.542346,500,306.778567
16.855605,68,306.932144
-14.769634,126,307.214212
-11.174384,17,307.253053
-8.50219,61,307.392076
-31.364639,84,307.582826
6.545921,500,308.714302
-11.541334,25,308.770681
-4.812716,10,308.793776
11.310224,105,309.030711
160.7842,202,316.690736
60.921351,246,317.245837
39.268768,148,317.582158
-7.013372,87,317.779419
66.8229,101,318.009017
51.14463,125,318.290874
-17.803428,46,318.395243
-16.875009,25,318.452399
6.306193,89,318.654744
-3.493861,47,318.761703
453.785334,500,319.901908
-16.540477,33,319.977428
583.824763,437,320.971764
-17.694306,33,327.790628
79.779391,500,328.928236
-53.42956,141,329.245867
7.822332,88,329.443568
-14.035259,31,329.513218
-9.380258,44,329.612335
34.34431,86,329.806023
-7.987189,39,329.894593
-7.794508,14,329.926019
-24.686374,193,330.361398
-13.989132,34,330.43786
-9.115934,28,330.500896
-19.097986,49,330.610998
11.377247,90,330.81419
59.59028,138,331.126622
7.171391,49,331.23741
-7.416418,15,331.271461
28.613466,87,331.468957
-11.848106,14,331.501042
7.854609,90,331.705424
-15.230958,28,331.769141
285.24272,175,332.168021
1.286093,64,332.313123
36.746335,151,339.139107
1837.047648,500,340.268435
48.129439,130,340.56195
80.042662,120,340.833771
438.230239,500,341.973702
-4.939653,156,342.327906
-59.40124,500,343.459472
50.909725,112,349.920032
-14.46205,70,350.079868
-21.793653,500,351.214051
732.815775,500,352.355028
-7.871886,133,352.654363
11.35209,67,352.806569
-10.969426,69,352.962342
-159.67189,500,354.094973
97.864236,167,361.740467
-12.462642,27,361.802143
28.620785,50,361.915325
-3.215684,23,361.968434
-8.085653,29,362.033843
869.13437,500,363.179884
53.631,111,363.431701
513.441786,500,364.567077
234.954084,500,365.704553
-5.288823,14,365.73695
-21.314722,137,366.049337
61.699683,104,366.285318
-7.717022,19,372.936827
-4.105508,13,372.967925
257.790505,152,373.312606
108.196578,141,373.63258
2.029167,35,373.711536
-7.77514,51,373.82732
171.002532,144,374.155393
545.657098,500,375.29007
238.618102,500,376.422325
440.139536,273,377.037954
282.206588,500,384.820482
21.29938,114,385.07733
238.379483,181,385.488035
539.176883,500,386.624259
-1.968271,75,386.794467
672.019438,500,387.92351
-12.90757,31,387.992453
-2.976471,69,388.148088
62.571726,125,388.428931
-5.062909,35,388.508041
10.248174,56,388.635093
-0.252261,135,395.574154
652.494312,333,396.332172
121.560339,500,397.464426
-13.599976,90,397.668011
132.762027,197,398.117062
-19.958497,40,398.209486
-10.897971,63,398.352276
214.800265,500,399.48585
-6.258736,22,399.536372
1988.291568,500,407.685493
71.041512,150,408.026632
160.364267,178,408.430416
-12.684389,28,408.494041
39.440731,111,408.744292
6.773363,32,408.817761
957.780416,500,409.955817
75.314829,103,410.190577
-7.367674,51,410.305433
12.758528,162,410.670754
-49.643635,500,411.808319
110.081258,124,418.869859
224.816519,172,419.261972
-28.552248,500,420.394821
139.651019,145,420.723276
-6.947027,16,420.759179
1137.082414,500,421.890878
286.565663,500,423.031266
-7.052292,21,423.079645
4.708532,220,430.506881
99.711055,93,430.718401
759.55606,500,431.852092
-7.190433,20,431.897698
-18.608886,29,431.963729
2.273427,51,432.080317
34.387199,63,432.224748
60.335118,81,432.409372
213.869842,188,432.837241
-2.465078,63,432.980768
201.625854,111,433.233792
247.941313,241,433.778248
-19.866288,110,434.026853
15.820985,101,434.254567
-7.067065,25,434.310793
709.212005,500,441.753116
26.236365,73,441.917875
-13.235472,23,441.970192
313.055202,223,442.47869
-12.445279,27,442.541179
-15.576679,48,442.65165
-12.411014,31,442.722285
27.242046,72,442.885912
-4.835849,51,443.003515
-2.44816,75,443.173712
-8.054244,28,443.23778
132.16697,121,443.513359
-13.010323,29,443.250.229347,500,444.199167
-3.783183.503972,182,444.186624
-24.200584,53,444.308268
81.868848,167,444.686517
-4.466133,59,444.819743
98.747704,118,445.08865
22.360818,97,445.308436
-29.66964,116,445.5544.050124.265342,79,445.7497.174223.882488,274,453.064876
-12.783417,19,453722.61242587.321144,500,454.245624
-2.767526,128,4193.538248,500,455.214958
161.268524,500,456.350644
56.3423921.596318,500,456.538.73542,500,464.47506
23.970906,65,464.623294
179.244724,178,465.026043
-11.113971,23,465.078498
101.686048,190,465.50945
43.326853,63,465.652226
19.822276.453154,393,465.940698
747.793988,500,467.078715
78.606847,231,467.603932
-137.767408,500,475.78263
295.801234,500,476.92137
7.737315,56,477.048162
-23.35397,54,477.171511
-10.995659,42,477.267266
-14.279432,42,477.362971
340.43885,181,477.772607
-8.851661,51,477.887132
79.681355,82,478.072972
-3.63432,76,478.246718
-34.554985,204,47516.463255-11.720093,58,478-5.838735,99,479.399139
-10.89646132.858153,185,479.367572
47.7884,99,479.592324
473.842579,500,487.505861
58.593956,500,488.642432
4.691365,71,488.804205
-6.207102,28,488.86788
244.145784,500,490.002288
7.909607,51,490.118453
-14.824534,49,490.230924
303.367467,275,490.851488
435.388183,253,491.427599
-7.558851,34,491.505876
-6.746356,8,491.524464
-6.746741,7,491.541564.31400.406188,500,499.036286
82.912872,82,499.2713.755566.616768,500,500.356348
81.359951,93,500.56767
166.491784,216,501.056882
805.15171,500,502.193347
18.953111,52,502.311396
2207.629802,500,511.360373
-18.738746,56,511.488864
75.280063,205,511.953788
557.945929,253,512.526386
-58.816306,500,513.66035
48.54423,200,514.112972
-19.879654,66,514.262423
128.21393,142,514.584602
-18.66115,61,514.722134
9.880937,71,514.882753
-2.701592,62,515.024066
15.500874,61,515.163584
31.812119,142,523.100498
442.58234,500,524.233308
428.737408,500,525.366431
-12.45047,66,525.515385
-15.963072,500,526.651607
988.92563,497,534.804998
580.143973,342,535.576003
-1.007775,500,536.709473
1512.342156,500,537.839687
540.420192,355,538.654902
216.011892,500,547.114467
153.520081,153,547.45869
-114.189629,500,548.59919
1386.574283,500,549.742227
49.333808,66,549.891835
27.003709,500,551.034838
680.061783,500,559.031412
623.018704,500,560.165469
356.311211,500,561.306773
192.734883,500,562.442594
108.941587,236,569.989851
-31.736971,183,570.403195
-11.005821,23,570.455616
114.53643,140,570.772547
115.188734,111,571.023427
677.334458,500,572.157282
6.86802,109,572.403467
-10.551896,124,572.68488
762.510364,500,573.819698
528.416481,500,582.160914
84.465066,80,582.344924
-12.818087,26,582.404462
598.816412,500,583.533546
-6.65824,14,583.565126
-14.344455,26,583.624478
-4.639973,37,583.708392
2189.187583,500,584.849328
690.042138,500,585.989503
841.572516,500,595.162638
38.112412,83,595.350679
208.205222,255,595.929035
54.916809,135,596.235086
364.232224,267,596.83796
-2.0566,8,596.856448
177.768403,337,597.625136
22.016991,99,597.852791
332.45515,500,606.182608
-7.975599,43,606.280211
61.669957,172,606.669306
85.129944,82,606.855507
149.214821,151,607.197501
53.644439,141,607.51623
-5.927033,29,607.582181
20.319545,88,607.781855
-5.829266,13,607.81164
53.564197,100,608.039471
101.282247,141,608.357921
65.701828,89,608.559262
443.724269,500,609.694292
121.096668,338,610.455813
20.23433,109,610.704147
125.874257,213,618.319242
-4.864838,20,618.365284
200.51005,220,618.862707
-9.721879,19,618.906113
19.071755,106,619.147459
-15.158976,84,619.33947
-12.529203,60,619.476661
-5.619691,78,619.654198
327.820505,197,620.102543
-7.529728,32,620.175441
18.151975,66,620.32419
-17.123566,101,620.553246
567.221048,274,621.178724
678.238609,500,622.316001
38.178083,76,622.489398
-8.954449,144,629.714975
234.293509,174,630.111002
-1.987118,47,630.218422
389.102151,500,631.350787
1119.240033,500,632.48715
767.496308,500,633.620926
1031.353672,391,641.938889
397.357381,500,643.079712
1296.958615,438,644.075216
450.87169,500,645.210364
0.46744,24,645.264643
-1.904226,16,645.300875
713.965009,500,653.829863
1124.142063,500,654.954119
227.105216,181,655.361571
388.887694,321,656.088898
101.055121,303,656.77395
43.707952,316,657.490472
711.698114,500,667.05072
-6.486453,71,667.210698
1187.140131,500,668.348629
1200.237204,500,669.486344
273.146612,181,669.8939
126.985574,182,670.305998
-9.789902,45,670.408789
49.042244,500,677.729229
617.332239,500,678.866043
28.217083,65,679.01351
303.200165,242,679.562171
332.470167,500,680.692672
620.51826,500,681.827547
122.824745,402,689.562457
188.042712,500,690.702303
92.88349,122,690.979752
-13.050365,66,691.129292
-8.238856,122,691.406521
838.85342,500,692.539582
73.015048,69,692.695814
85.050305,195,693.140669
474.412837,260,701.45623
469.08194,500,702.591232
744.641761,500,703.728613
167.703581,500,704.865322
7.66078,72,705.029331
47.232481,118,705.298923
769.717726,500,713.89522
50.497411,174,714.290805
136.667466,302,714.9754
422.018923,330,715.724603
85.088347,102,715.957407
17.118288,61,716.09767
-6.18942,17,716.136189
35.964727,123,716.415467
2.354706,82,716.601517
79.643796,500,717.732485
-6.426145,181,724.720012
0.921944,72,724.882746
1246.055012,500,726.018778
-3.517698,69,726.176382
-17.158222,77,726.351191
65.140478,500,727.489554
165.520575,212,727.969531
110.473509,91,728.176474
-7.471304,39,728.266052
-3.122998,23,728.317966
519.776508,500,737.985081
1334.879663,500,739.119096
1149.612694,500,740.251964
58.803941,61,740.390481
1376.313832,500,741.526265
895.912969,500,750.088952
98.485788,264,750.68833
-3.343651,13,329.949937,5885.761601,500,751.855375
1473.025536,500,752.989371
-2.941187,15,753.02266
502.422046,500,754.161928
559.995975,500,763.05021
212.528515,185,763.468635
111.562801,128,763.757186
1060.173091,500,764.889881
50.581673,131,765.185949
428.893315,425,766.147316
-9.849594,91,766.352975
198.275681,500,775.474878
616.328164,500,776.611005
673.830418,500,777.745439
-10.305841,51,777.862361
113.021813,340,778.633882
244.898167,500,788.519468
771.754912,500,789.653313
510.347206,500,790.787128
-8.971892,53,790.907493
725.70802,500,792.044518
1.414267,29,792.111569
116.032443,199346.969882,5082.130325,200,506.207913,500,802.025806
-13.879116,89,802.22658
489.456169,500,803.363427
773.432951,500,804.500018
571.801889,500,805.639184
567.446462,2349.915502,500,326.698905,500,815.300678
609.283867,321,816.024856
1049.748528,500,817.157883
82.126283,126,817.443803
87.635814,500,826.006046
1645.630698,500,827.141258
374.471721,500,828.280494
22.91853,97,828.500941
26.999096,60,828.637132
1185.987706,500,829.773559
415.822916,459,838.266842
40.551827,108,838.512878
761.165618,500,839.651227
31.347247,81,839.835443
710.810019,500,840.97412
1263.923648,500,842.106999
864.513002,500,851.259488
1092.09705,500,852.400063
413.464571,352,853.199357
237.623597,187,853.622322
312.156954,470,854.684837
-4.998268,26,854.743932
573.75603,391,864.050249
175.538093,500,865.183992
1394.097977,500,866.319674
-5.884646,15,866.35417
268.178141,1240.450483,500,918.772115,886.638568,500,81384.413644545.993365,500,87145.68713,455.46906,443,81237.134655240.097011,500,87183.6761831128.593142,500,8766.454144,455.596797,500,888.991603
854.021007,302,889.677265
1334.734149,438,890.680377
8.037012,73,890.846162
1220.202604,500,891.981022
391.572762,500,899.77128
1095.09288,500,900.903426
607.397654,500,902.032445
174.873109,267,902.643353
1236.361759,457,911.867044
991.679452,500,913.017411
685.348806,500,914.154578
872.313661,500,915.291467
585.491495,500,916.425148
903.035108,500,925.256536
221.58896,166,925.631452
107.694691,115,925.894536
802.987327,406,926.819657
1315.574418,500,927.95571
424.586705,256,928.537279
2396.547896,500,937.894346
1405.783496,500,939.023303
363.771477,500,940.154612
503.198741,205,940.62089
684.918457,500,949.389462
767.710257,500,950.531894
371.093104,500,951.673602
971.136391,500,952.818001
290.337409,500,953.954379
-5.964197,19,953.997636
1172.569284,500,961.958695
1360.155815,500,963.093258
-20.981631,83,963.282333
53.037712,92,963.492387
948.06963,500,964.627374
106.010259,104,964.863657
250.820786,235,965.395712
1468.10515,500,974.413529
1860.073109,500,975.543687
298.526214,296,976.20945
289.641413,500,977.34446
1629.030666,500,986.362357
416.884091,500,987.499106
341.665462,352,988.297161
398.983029,500,989.451725
-7.243903,53,989.572387
133.48530838.700977,500,990-48.295046,500,999.635437
325.8128977.56477,500,1000.81126.122229,500,1001.277472
43.739079,299,1001.95489
628.397356,500,1003.098964
1684.441974,500,1011.842887
887.458144,500,1012.975909
2093.880582,500,1014.114753
959.618587,500,1015.251113
2506.136054,500,1024.278374
632.226668,500,1025.414923
668.371131,480,1026.501554
2909.463829,500,1027.635874
1851.242441,500,1037.18311
-4.467785,500,1038.32233
1789.318982,414,1039.265374
138.333303,113,1039.52261
322.643498,174,1039.918211
1285.475594,500,1041.054628
2626.527411,500,1050.471646
924.100574,500,1051.608484
1800.568942,500,1052.746967
127.787091,177,1053.149408
1354.829136,500,1054.287078
446.198596,500,1063.583394
1481.70386,500,1064.720704
-1.92649.067767,500,1065.21645.212144.338345,500,1066.2291.5382789.191919,500,1067.2036.701631.064309,500,1076.1255.897475.968438,500,1077938.966852063.18274,500,102216.0544062660.524844,500,102702.1052641391.647996,500,101402.1932321908.786502,500,101523.3999451208.307044,500,102405.802039314.096128,187,102834.9772891775.398108,500,101339.5602791029.552848,500,111765.5764812760.379978,500,111325.3145092559.572664,500,111413.5872161711.414607,500,112219.9824721004.003584,270,112569.486975,500,1116.002371
3132.107204,500,1117.139181
2217.956587,500,1118.279833
1854.952081,500,1128.01871
2559.328873,500,1129.156672
259.233224,500,1130.297294
253.632862,144,1130.625729
2717.306893,500,1131.767422
1279.489014,500,1141.216918
2601.445866,500,1142.358885
3625.563153,500,1143.499806
1227.015836,500,1144.638144
1771.427455,500,1154.358139
1040.074917,500,1155.494848
2438.145684,500,1156.632479
628.572141,500,1157.778627
2536.468854,500,1167.453979
3359.555761,500,1168.613397
2909.972882,500,1169.759752
1291.629179,500,1170.897905
2042.711209,500,1180.425646
839.028932,285,1181.071909
1601.424183,500,1182.213234
-4.787636,50,1182.32775
2437.156222,500,1183.482929
1745.298368,500,1184.62285
3656.043583,500,1194.423987
2181.72474,500,1195.559451
3154.737939,500,1196.697359
62.337638,81,1196.882053
3104.395945,500,1198.020424
-1.084643,272393.875905,502958.113179,502728.060979,50046.938076,500,3812.816591,53394.50142,500,1840.782816,52325.217869,500,3106.183013,52094.969281,500,2634.875157,52488.524636,500,1017.294565,51574.871396,500,2866.929732,53059.904994,500,1102.541862,51968.677945,500,5001.32842,502532.932107,5001792.898947,503781.044859,5003965.969836,502755.679087,5001344.55757,5002804.39578,500,1246.467712
395.2089462097.186358,369,122955.58799,555.75626,500,1241273.90992881.840239,500,1243347.73082881.631876,259,12501793.029,3177.513688,500,12590.131004,2059.873483,500,13726.637257,3339.841879,500,12131.472513,2783.255263,500,13653.871838,3272.708583,500,13368.22228,53126.16754,500,11375.813094,3045.519086,500,13655.293564,2232.712961,500,13439.577621,3047.266169,500,1908.127366,52773.396053,500,1066.428818,54065.729121,5003686.22814,5002604.097123,503865.044313,5002653.698068,503451.185611,5002216.433702,502550.68527,500,1171.50879,5988.532656,500,12080.114912,3408.996434,500,1312.787204
3211.373796,500,1313.929822
2482.57458,500,1315.072618
3519.259174,500,1316.216047
3667.007759,500,1326.00562
4139.95376,500,1327.154361
4304.070577,500,1328.29635
3477.845042,500,1329.439417
742.988808,500,1330.585676
2725.912855,500,1340.317712
3296.633183,500,1341.462258
2521.009426,500,1342.604461
920.067953,500,1343.747944
1303.946069,500,1353.05731
3328.690331,500,1354.204503
574.468686,500,1355.351233
3552.151297,500,1356.492426
-7.719986,43,13563408.89743502.921094,500,13662382.79944605.385156,500,13671271.16601618.397891,500,13682367.63731071.469221,500,1369.770539
4454.309282,500,1379.523688
3629.450984,500,1380.664076
3287.326292,500,1381.809032
3344.531486,500,1382.953299
3678.937308,500,1392.694188
3991.564112,500,1393.839107
3379.4662,500,1394.98257
4012.94158,500,1396.122486
3844.895482,500,1405.860981
3328.92307,500,1407.002086
2861.780906,500,1408.143128
1715.893549,500,1409.287757
3530.250634,500,1419.087527
2139.559867,500,1420.23058
4101.262749,500,1421.373113
1235.476346,300,1422.060521
4162.778165,500,1423.201479
2426.79471,376,14325132.58514234.109557,500,1431147.585472443.471933,500,142546.4795374384.053673,500,141087.8144314446.522924,500,141360.160153129.595172,500,143351.8270262631.76214,434,1444459.752253253.551038,500,142951.31845,4348.022126,500,3339.603003,54942.928913,500,3556.559936,54199.989076,500,4241.969246,53270.513741,500,2691.881984,5962.510977,500,14819.879403,3890.25054,500,144123.6819232807.630257,500,144487.4248324922.218366,500,141757.83283,3706.965741,500,4502.612005,54504.2215,500,144616.64909,1243.32155,500,144263.4349434226.821634,500,144182.7832744868.915009,500,142965.343957,500,1497.513846
4911.890833,500,1498.65362
3767.240235,500,1499.796359
4300.004339,500,1500.939101
4130.538876,500,1510.689412
3743.813626,500,1511.833986
1912.47136,500,1512.979587
4479.690715,500,1514.123724
2982.775498,500,1523.953027
4104.455645,500,1525.095181
3304.534456,500,1526.236522
3543.138601,500,1527.377578
28.6976123219.646107,500,14196.922624,1170.479235,500,14100.511584,4497.389898,500,13048.277675,4450.781855,500,14126.419913,4138.331182,500,14054.372943,3936.261387,500,14988.646744,3296.842853,500,13707.801136,4076.241617,500,14840.340365695.667584,208,1553028.831383476.341675,500,1564392.669904642.133986,500,1564926.543441888.049428,500,1564163.534702505.121611,500,154278.5767194796.773393,500,152804.1698354312.37646,500,1574557.528464155.274056,500,1573168.34753800.862782,500,1579878.716064068.328858,500,1582157.84374475.734963,500,15904073.51861632.509575,500,15914071.43854286.028802,500,1594431.37152668.037821,500,15931361.2924377.946658,500,1603.4592.5213414.983493,500,1604.4157.2225071.333355,500,1605.2521.034444.922446,500,1606.94012.533480.319162,500,1617.03787.383371.348483,500,1618.151248
3014.6649,500,1619.310515
3646.587651,500,1620.454689
4269.198158,500,1630.256717
4420.600836,500,1631.405487
3148.587094,500,1632.559119
4367.481446,500,1633.705822
2367.381898,500,1643.495804
4046.156547,500,1644.63818
4290.239018,500,1645.787482
3910.070818,500,1646.93401
4128.07559,500,1656.260083
289.581546,500,1657.409141
3625.774042,500,1658.550849
3384.210521,500,1659.697953
4005.523251,500,1668.934763
259.08807,500,1670.082094
410.246337,500,1671.227892
4400.906275,500,1672.371662
3904.665714,500,1682.112669
3869.538585,500,1683.260405
4121.202998,500,1684.402606
16.139664,76,1684.575995183964.679638,500,1685.720374271788.289298,500,1695.150024444425.042519,500,1696.290704362733.971917,500,1697.43203426691.807857,500,1698.580057472007.99046,500,1708.319137401880.635539,500,1709.477616432809.092543,500,1710.622812294475.551214,500,1711.763637411039.394448,500,1721.240219494511.465152,500,1722.388479394774.051494,500,1723.541502424510.747496,500,1724.687715341746.551624,500,1734.449043143467.869495,500,1735.599524
1738.735437,500,1736.746789
786.66129,500,1737.898047
4034.971377,500,1739.047055
3704.236215,500,1748.835544
4282.286685,500,1749.983183
3774.551599,500,1751.130872
3899.044447,500,1752.281542
3905.36263,500,1762.061381
3298.016202,500,1763.212723
3968.297797,500,1764.362889
4069.408509,500,1765.509378
4323.060956,500,1775.288743
3540.073226,500,1776.433398
3893.515631,500,1777.580898
2299.496502,500,1778.72744
2286.891671,500,1788.516664
4664.740712,500,1789.660907
4296.275452,500,1790.799399
4063.043512,500,1791.947264
1075.467099,500,1801.712698
658.39909,193,1802.152043.3924.904573,500,1803.33687.534677.559057,500,1804.44655.3921.405341,500,1805.6074190.3833.02719,500,1815.427545902553.890891,500,1816.57104002001.354637,500,1817.71242382492.62117,500,1818.856144171094.358137,234,1827.692942814179.399481,500,1828.842241344392.298174,500,1829.998024794065.818443,500,1831.1424198.3848.210951,500,1840.972853
4135.149387,500,1842.120206
3386.563328,500,1843.270206
3219.56182,500,1844.415942
1210.747284,500,1853.395408
3644.959547,500,1854.546486
3823.713109,500,1855.696426
3584.338634,500,1856.842759
3708.549582,500,1857.993198
2218.683939,500,1867.845186
4086.884343,500,1868.992057
3736.336348,500,1870.13674
3382.799789,500,1871.283421
3390.882912,500,1881.057965
435.623354,168,1881.444661
2550.632628,500,1882.588646
3821.909041,500,1883.733062
3744.338955,500,1893.50331
487.124754,500,1894.652871
3859.599516,500,1895.802046
4318.755647,500,1896.946179
2835.93389,500,1898.095338
3843.383589,500,1908.0502
3652.434184,500,1909.195333
3217.890751,500,1910.34112
1328.617525,500,1911.486209
3887.604401,500,1921.266484
3797.411546,500,1922.416036
3728.270965,500,1923.56574
1957.580836,500,1924.712041
3835.388346,500,1934.153507
3780.898032,500,1935.299299
4230.821362,500,1936.444405
3252.99355,500,1937.588125
3139.585131,500,1947.357564
3851.400516,500,1948.501151
3090.652882,500,1949.648027
3921.467961,500,1950.797487
3808.160702,500,1960.334806
10.442558,67,1960.488209
3882.787047,500,1961.634819
4222.36116,500,1962.783531
1711.564274,500,1963.927182
3153.265967,500,1973.707402
3463.895891,500,1974.854348
4177.145107,500,1976.002762
1451.319953,500,1977.145717
3052.748395,500,1985.964914
516.524097,500,1987.111895
3496.996078,500,1988.259121
3424.997253,500,1989.421312
2972.266877,500,1999.183399
1977.03282,500,2000.33298
3584.078863,500,2001.483769
3383.527464,500,2002.633249
3544.125671,500,2012.532013
345.108928,146,2012.864272
3250.015139,500,2014.013968
2671.000814,500,2015.17018
3552.82856,500,2016.318177
3211.8462,500,2026.458543
2834.288424,500,2027.609657
3653.922148,500,2028.761563
3948.249564,500,2029.916929
3688.259882,500,2039.789767
4150.761375,500,2040.943526
3535.237328,500,2042.091057
3912.178298,500,2043.233128
3649.281508,500,2052.92617
3537.455961,500,2054.073081
3773.902684,500,2055.220113
3599.116241,500,2056.364282
3769.227973,500,2066.123133
-0.294436,21,2066.170883
1585.997682,500,2067.31819
3493.561602,500,2068.483363
3761.735014,500,2069.643661
1687.909082,500,2079.403746
3366.502178,500,2080.559339
3130.044022,500,2081.716561
3448.379106,500,2082.879992
3404.382259,500,2093.043312
3678.946209,500,2094.192761
3091.647458,500,2095.34526
3619.994489,500,2096.497334
3476.795156,500,2097.649646
3883.243938,500,2107.441432
3256.839579,500,2108.598073
3633.421111,500,2109.75376
3683.561567,500,2110.908453
3555.34489,500,2120.690408
3807.433525,500,2121.844578
4239.849017,500,2123.000021
3500.600596,500,2124.150547
3467.064741,500,2133.94298
3086.296544,500,2135.097975
1149.915025,500,2136.250223
1519.871796,500,2137.400591
3442.945188,500,2147.187682
3904.278472,500,2148.337933
3593.277248,500,2149.485743
3853.691342,500,2150.635416
3094.967255,500,2160.421093
3344.867116,500,2161.573594
3680.259814,500,2162.724858
3336.079955,500,2163.868929
3692.220816,500,2173.428095
3525.631093,500,2174.575703
3673.220612,500,2175.727012
3778.716088,500,2176.876435
1672.074499,500,2186.631322
3451.103247,500,2187.780965
3978.880544,500,2188.926178
3120.925983,500,2190.074848
3616.54646,500,2199.832148
3856.270398,500,2200.977049
1122.967443,500,2202.121798
3924.287497,500,2203.267482
3858.558162,500,2212.59418
3149.822539,500,2213.739072
3442.017987,500,2214.889417
3562.019233,500,2216.043613
3648.390777,500,2225.81126
2783.524676,500,2226.958557
3365.690261,500,2228.101675
3603.500447,500,2229.25067
840.051008,500,2239.017125
3964.007972,500,2240.161455
3879.381703,500,2241.313664
3744.209898,500,2242.454039
3028.577341,500,2243.602756
3881.714733,500,2253.383839
3423.763458,500,2254.531341
4102.578091,500,2255.681294
1992.996759,500,2256.830688
3591.793675,500,2266.569675
1001.964687,500,2267.713426
1429.060864,500,2268.860323
3363.391286,500,2270.006484
3100.223725,500,2279.453685
3510.57578,500,2280.602787
3510.530581,500,2281.744264
2771.49339,500,2282.89325
3561.792562,500,2292.631843
-7.227515,12,2292.659382
2467.693157,500,2293.806738
3182.564157,500,2294.95877
1452.363877,500,2296.104552
3621.054029,500,2305.367557
3808.935275,500,2306.518623
3500.057142,500,2307.671828
3329.811983,500,2308.82286
3930.622357,500,2318.547952
3069.037253,500,2319.689065
1432.904654,500,2320.837626
5173.886997,500,2321.98309
1502.949178,500,2331.740868
3653.01421,500,2332.8949
3163.061673,500,2334.045798
877.655387,500,2335.191676
623.992986,500,2344.574492
141.155047,94,2344.79031
985.641735,500,2345.939603
6.622407,29,2343986.468434151.116543,500,2343421.880403042.532311,500,2341152.9436,3646.360097,500,2834.7652,5003644.259646,51428.373194,500,3766.424792,53993.068197,500,3894.60953,503772.889105,5004146.883182,503775.840456,5003376.20839,5004499.53293,5003677.197522,502450.774363,5003770.508148,503603.640739,5002867.337681,503485.882081,500,2384.184237
989.093725,500,2385.334799
3636.398403,500,2386.483276
3752.908312,500,2387.628067
3321.071764,500,2397.394147
4185.096337,500,2398.543804
4070.36235,500,2399.694264
1075.141798,500,2400.845327
3553.727603,500,2410.593732
3833.836953,500,2411.745258
3469.169667,500,2412.891213
3194.045094,500,2414.040024
3431.12111,500,2423.785737
3215.641813,500,2424.941021
3817.546766,500,2426.091341
3253.655991,500,2427.239292
4099.02803,500,2436.937646
2865.576551,500,2438.083441
3237.385325,500,2439.230227
2495.475963,500,2440.391329
3933.300179,500,2441.547168
2753.201548,500,2451.27798
3657.32146,500,2452.445266
3465.131684,500,2453.599231
3567.809635,500,2454.749593
4179.59589,500,2464.679513
3221.027098,500,2465.834163
3539.67477,500,2466.98824
3567.319746,500,2468.142061
3523.99517,500,2477.443266
4294.204183,500,2478.599133
4422.500845,500,2479.757261
3764.677752,500,2480.908889
4014.163814,500,2490.71326
1730.783641,500,2491.861732
3242.167677,500,2493.012349
3340.653434,500,2494.163204
3590.025362,500,2503.940548
42.419271,52,3214.945454,51371.741928,5003754.811027,500,2505.846467
4348.107719,500,2506.99401
3833.500195,500,2516.278974
4910.925473,500,2517.425462
5029.812145,500,2518.58743
4791.577899,500,2519.739099
2579.806037,500,2529.376424
3690.76096,500,2530.528658
3775.417671,500,2531.677666
3692.738611,500,2532.829018
4184.106776,500,2542.220882
5879.361074,500,2543.371395
3800.832726,500,2544.510012
4481.067542,500,2545.655961
2910.404314,500,2555.559376
4495.195693,500,2556.704793
3734.038951,500,2557.855961
3589.834247,500,2559.002191
3293.584334,500,2568.832382
1945.224844,500,2569.984361
4109.278469,500,2571.13028
3200.174738,500,2572.279457
2431.28818,500,2573.426347
675.275247,500,2583.164831
2799.212397,500,2584.310474
108.328874,500,2585.469198
2447.327243,500,2586.61435
3810.336331,500,2595.868854
5376.1108,500,2597.01204
3608.757905,500,2598.156791
4251.58368,500,2599.303968
3097.796864,500,2608.551746
5263.391784,500,2609.70596
2799.63684,500,2610.847817
2770.026993,500,2611.996964
3024.794174,500,2621.34682
671.54057,500,2622.499663
3627.101424,500,2623.648363
3413.797257,500,2624.793682
2866.360327,500,2634.544759
3735.184599,500,2635.692065
4380.959245,500,2636.842764
3912.439872,500,2637.989868
4020.304734,500,2647.73795
44.55816,76,2647.913342
3971.04164,500,2649.058998
3148.815153,500,2650.204908
3577.80053,500,2651.351799
2301.493,500,2661.074403
3498.65093,500,2662.223201
4042.276492,500,2663.36793
4295.378963,500,2664.511464
4847.726002,500,2674.351156
4725.405276,500,2675.498029
3484.763466,500,2676.652901
4086.207262,500,2677.805837
3277.01625,500,2687.58639
2684.070281,500,2688.731073
2123.366363,500,2689.878876
3186.18942,500,2691.029723
3401.73872,500,2700.759788
2522.235998,500,2701.904237
3808.637038,500,2703.055389
3651.921574,500,2704.203674
1710.526702,500,2713.985568
3224.423173,500,2715.132056
4484.300291,500,2716.277612
3516.094812,500,2717.426246
3732.605015,500,2726.750899
3324.890217,500,2727.902979
3478.888052,500,2729.051647
3061.22871,500,2730.199239
0.131505,36,2730.282112
4643.027775,500,2740.027875
3633.199946,500,2741.171086
4562.238526,500,2742.314634
3980.503848,500,2743.461064
3940.47322,500,2744.608469
3461.066411,500,2754.366311
4157.766317,500,2755.513572
3395.605007,500,2756.660465
976.450583,500,2757.807005
3137.288199,500,2767.562462
4402.731935,500,2768.7051
3927.651816,500,2769.853508
3624.309263,500,2770.998176
4706.14782,500,2780.731066
4713.089729,500,2781.88525
3136.749484,500,2783.02921
5086.117196,500,2784.175688
3450.457591,500,2793.943645
3711.530111,500,2795.095757
3915.27018,500,2796.247887
4073.531601,500,2797.396286
3595.519529,500,2807.137958
4028.449612,500,2808.292315
4385.908832,500,2809.443442
3206.468347,500,2810.590068
4021.345986,500,2820.469296
4252.113383,500,2821.618698
4332.041323,500,2822.766047
4806.974433,500,2823.915349
5197.071266,500,2833.223709
3503.06838,500,2834.367158
4447.529929,500,2835.512308
3864.85985,500,2836.660933
3169.005507,500,2846.458726
3389.290096,500,2847.60923
3165.67277,500,2848.760581
3595.722027,500,2849.91054
3773.579958,500,2859.652792
3699.122202,500,2860.807463
3566.05775,500,2861.957339
4688.060634,500,2863.106525
4223.002343,500,2872.845875
5378.269883,500,2873.995686
4817.311719,500,2875.145491
4944.716614,500,2876.295466
5094.471898,500,2877.461423
4355.136413,500,2887.24318
4280.406243,500,2888.395054
3818.78885,500,2889.56062
4309.289801,500,2890.71113
4066.028568,500,2900.491837
3964.749921,500,2901.645363
3903.669429,500,2902.796737
3315.440375,500,2903.944665
4448.705011,500,2913.757233
4402.245832,500,2914.90415
4724.54283,500,2916.050671
4953.183008,500,2917.199163
4323.27471,500,2927.017236
5371.728687,500,2928.172627
4005.035529,500,2929.323328
4140.624566,500,2930.47209
4362.672499,500,2940.236036
3962.798195,500,2941.384547
3187.01559,500,2942.533902
4409.531277,500,2943.685876
4443.024989,500,2953.462357
2292.543844,500,2954.615371
4923.249994,500,2955.761275
4553.483767,500,2956.90762
3972.712072,500,2966.757518
4593.008299,500,2967.901951
3941.311526,500,2969.069112
4787.996471,500,2970.215508
154.399971,87,2970.414788
4160.460163,500,2980.171239
4063.307294,500,2981.316358
4266.775614,500,2982.466615
3968.62865,500,2983.611108
3732.567941,500,2993.35492
3628.221405,500,2994.503472
3918.963852,500,2995.64633
3804.367316,500,2996.793921
4765.087686,500,3006.547321
4581.798547,500,3007.69363
4396.027697,500,3008.838035
4815.935555,500,3009.987569
3594.167604,500,3019.765218
5439.108821,500,3020.908934
5377.514386,500,3022.060243
3436.209246,500,3023.20599
3973.545935,500,3032.913804
2177.065738,500,3034.057587
3988.017959,500,3035.20267
5113.993007,500,3036.344865
4438.590338,500,3046.152151
3958.119772,500,3047.306947
3964.678192,500,3048.45673
5068.983053,500,3049.605622
3974.598433,460,3050.659172
5646.36823,500,3060.411768
4606.158355,500,3061.559135
3786.135228,500,3062.720199
3938.968324,500,3063.868871
3948.18234,500,3073.786341
5076.63629,500,3074.934736
4406.623968,500,3076.083516
4378.056527,500,3077.235596
3905.655338,500,3086.994051
3925.054124,500,3088.146043
4199.69971,500,3089.295491
4082.495375,500,3090.442603
4043.563922,500,3100.374225
2398.844358,500,3101.535306
5277.693932,500,3102.682659
4402.837777,500,3103.829319
4977.926772,500,3113.026858
4583.889934,500,3114.175385
4620.693732,500,3115.321374
4813.525497,500,3116.469987
46.286058,61,3116.608968
5392.289839,500,3126.367702
4119.992244,500,3127.517609
5220.675548,500,3128.668067
4948.69459,500,3129.81903
4006.206442,500,3139.572356
4732.307164,500,3140.723241
4323.960995,500,3141.87879
4675.513231,500,3143.025345
4323.819241,500,3152.308616
4380.808215,500,3153.467359
4344.489488,500,3154.621675
4291.565307,500,3155.772473
4728.109467,500,3165.64048
4121.945656,500,3166.79054
4292.322797,500,3167.939845
4670.84936,500,3169.089816
4256.956451,500,3178.847565
4508.317875,500,3179.998889
4341.680807,500,3181.14329
3254.245932,500,3182.297854
266.769034,99,3182.5238
3736.021535,500,3192.263208
4821.320896,500,3193.413305
4550.890132,500,3194.562877
4620.005965,500,3195.711406
4650.639487,500,3205.439432
4633.184427,500,3206.589918
4569.657065,500,3207.737387
4777.499753,500,3208.884229
4677.411101,500,3210.031737
3963.978303,500,3219.738796
1942.390073,500,3220.887255
3838.114366,500,3222.037843
4036.039656,500,3223.188461
4295.815322,500,3232.932605
4699.151598,500,3234.081985
4451.911076,500,3235.231445
2013.065644,500,3236.379817
4444.676142,500,3246.20396
3385.683297,500,3247.359715
30.799364,47,3247.468368
4556.855045,500,3248.618648
4804.61133,500,3249.77814
4238.29387,500,3259.864718
3907.280624,500,3261.009735
4203.200853,500,3262.159242
4849.060757,500,3263.312472
5066.106999,500,3273.075771
4404.713126,500,3274.227161
4068.423327,500,3275.378861
4760.643845,500,3276.528299
4314.764193,500,3286.686222
4820.468827,500,3287.834911
4668.66891,500,3288.984938
4459.361718,500,3290.133232
3937.175612,500,3299.93047
4811.71955,500,3301.07881
5073.928607,500,3302.230211
4558.452815,500,3303.37542
4956.370416,500,3313.148273
4830.829647,500,3314.296862
5130.43924,500,3315.446259
1918.650145,500,3316.596923
4564.116839,500,3326.38595
4382.876364,500,3327.531308
5111.850647,500,3328.691719
5326.613857,500,3329.838063
5205.075836,500,3339.603767
4660.201766,500,3340.755367
4192.887862,500,3341.906882
4894.730732,500,3343.06436
5226.955629,500,3352.497479
4711.274435,500,3353.648048
3307.428273,500,3354.797053
5246.275351,500,3355.947201
1832.82457,500,3365.744111
5003.309606,500,3366.895288
3416.795552,500,3368.038621
4864.922859,500,3369.189945
4247.309408,500,3370.340708
4363.60925,500,3380.196152
4244.573652,500,3381.349824
4999.697521,500,3382.501023
4204.065872,500,3383.645807
4532.764548,500,3393.6106
4693.960944,500,3394.755251
4751.657152,500,3395.903511
4491.290801,500,3397.055225
4981.522,500,3406.795914
2484.72621,500,3407.945893
4740.195047,500,3409.090194
4573.44454,500,3410.241034
4601.23408,500,3420.05658
4289.524787,500,3421.204518
4794.201263,500,3422.354614
4865.16795,500,3423.51005
2866.721842,500,3433.346735
4127.428619,500,3434.497365
5146.03814,500,3435.649501
4936.544069,500,3436.794963
3985.722025,500,3446.177517
4270.838311,500,3447.332897
4411.023085,500,3448.487599
4051.608312,500,3449.640389
4387.604824,500,3459.540705
3887.297378,500,3460.689019
2878.296042,500,3461.837059
3091.927502,500,3462.989403
1566.043198,500,3472.731765
4479.505816,500,3473.876578
5018.246946,500,3475.02543
4011.115775,500,3476.175304
3795.204741,500,3486.015201
4574.805882,500,3487.167727
4180.236434,500,3488.314392
4866.445503,500,3489.463457
4027.938194,500,3499.218757
3643.505875,500,3500.365057
1452.700626,500,3501.521089
3948.82788,500,3502.672907
4094.359585,500,3503.824751
2640.664538,500,3513.600431
4327.830214,500,3514.750343
4844.618031,500,3515.898541
1808.854711,500,3517.047019
4492.356046,500,3526.787068
4685.580869,500,3527.935763
3941.000776,500,3529.083105
4457.645195,500,3530.23345
3278.954878,500,3539.95435
4057.158487,500,3541.105477
4034.883851,500,3542.25398
4031.110798,500,3543.403214
4833.010149,500,3553.149638
5032.516224,500,3554.301755
4475.64587,500,3555.452742
4379.515319,500,3556.60238
4211.504761,500,3566.364364
4458.048959,500,3567.514245
4139.258268,500,3568.668549
4015.644037,500,3569.817939
4330.625789,500,3579.576308
4586.661061,500,3580.725553
4819.783927,500,3581.874883
4399.697188,500,3583.023546
4607.952823,500,3592.853727
-4.50532,13,3592.883688
494.495651,500,3594.035947
4651.395234,500,3595.186625
5207.449235,500,3596.338381
4089.149727,500,3606.142081
4356.685467,500,3607.289234
3821.652717,500,3608.438639
4039.148203,500,3609.602058
4719.489599,500,3619.366095
1349.706675,500,3620.521786
4318.65178,500,3621.678272
4154.501963,500,3622.829969
4233.295692,500,3632.602607
4311.264464,500,3633.754183
4656.73022,500,3634.906057
4979.250891,500,3636.052822
4799.490086,500,3646.231248
4269.243696,500,3647.379967
3762.143609,500,3648.527337
4068.462313,500,3649.678346
4200.685801,500,3650.825579
5220.674984,500,3660.569947
5007.620188,500,3661.71634
4804.022102,500,3662.864771
5071.735904,500,3664.013842
4787.16869,500,3673.800775
4633.416944,500,3674.94862
4543.561611,500,3676.095731
4952.1916,500,3677.244903
4930.99487,500,3686.997726
4651.843428,500,3688.14455
1037.727455,500,3689.31215
4525.980371,500,3690.458153
5005.794904,500,3700.198751
4741.66332,500,3701.343772
165.494954,121,3701.622129
4350.162106,500,3702.778584
4399.100168,500,3703.924547
4879.484055,500,3713.155495
4272.333709,500,3714.302203
4625.275184,500,3715.452435
4315.416614,500,3716.600818
4273.440505,500,3726.37497
4827.572445,500,3727.523965
4378.732524,500,3728.670054
3854.505203,500,3729.81514
4433.939484,500,3739.535217
5086.528013,500,3740.684202
4772.685692,500,3741.840005
4835.246639,500,3742.988976
4591.321878,500,3752.736922
4362.948566,500,3753.886663
4840.02729,500,3755.038277
4483.533246,500,3756.18942
3308.593377,500,3766.04266
4825.279769,500,3767.187119
2264.802204,500,3768.330448
4006.341588,500,3769.477905
5128.365713,500,3779.277705
4211.482557,500,3780.429469
4862.224211,500,3781.577828
3706.626042,500,3782.730114
4232.655977,500,3792.481718
4199.025761,500,3793.632237
4803.562586,500,3794.781341
4723.073942,500,3795.932323
5056.280358,500,3805.70072
4280.16438,500,3806.84647
4448.622213,500,3807.989711
4056.724303,500,3809.137985
3987.211216,500,3818.906691
4341.165505,500,3820.059313
4020.432172,500,3821.208458
4074.804016,500,3822.357432
4318.715049,500,3823.503783
4994.429937,500,3832.745851
4449.308224,500,3833.897746
4300.172251,500,3835.049836
4179.879791,500,3836.198567
3858.118524,500,3845.856163
3669.53216,500,3847.004008
4184.981293,500,3848.157847
4554.579749,500,3849.309457
4239.451441,500,3858.779089
4211.882173,500,3859.930166
4190.054263,500,3861.079516
4391.524363,500,3862.23892
4132.657572,500,3872.015564
4369.058194,500,3873.17602
4583.462994,500,3874.330042
3316.145498,500,3875.477921
4763.629583,500,3885.275131
4663.793354,500,3886.426662
4102.632454,500,3887.573415
4342.399144,500,3888.722285
4617.690176,500,3898.459498
4478.847338,500,3899.608931
3928.463184,500,3900.755314
811.439935,500,3901.904314
4630.808179,500,3911.668494
4884.580776,500,3912.817487
3496.097424,500,3913.964638
3671.26238,500,3915.111135
4330.021589,500,3924.864193
3758.934191,500,3926.016673
4159.125452,500,3927.16164
1538.662875,500,3928.305502
4594.546383,500,3938.119735
3943.020935,500,3939.27183
4788.601938,500,3940.41963
3055.586784,500,3941.573335
4787.090443,500,3951.409016
4102.717919,500,3952.557475
4115.214463,500,3953.708381
4482.765183,500,3954.856848
4069.029656,500,3956.008435
3527.986891,500,3965.818104
4005.084559,500,3966.960498
1217.083124,500,3968.107369
4614.739717,500,3969.260218
3838.372656,500,3979.044317
4403.774852,500,3980.189517
4333.708505,500,3981.333364
5013.781459,500,3982.480058
4276.576779,500,3992.25822
4603.360056,500,3993.405111
4135.738705,500,3994.556996
3704.714032,500,3995.707083
4255.443897,500,4004.991062
4028.621156,500,4006.144105
4047.576746,500,4007.295963
1736.979218,500,4008.449418
4388.508244,500,4018.226827
4462.192867,500,4019.381676
4446.914939,500,4020.531831
3053.548026,500,4021.685183
4966.166496,500,4031.479862
4191.269655,500,4032.631064
4099.253681,500,4033.784371
4792.877727,500,4034.938123
1682.023019,500,4044.374122
4412.267122,500,4045.523248
4165.510335,500,4046.674453
4283.896831,500,4047.827533
4176.071371,500,4057.606582
4104.600579,500,4058.760998
4680.668295,500,4059.926941
2704.877236,500,4061.078549
4347.405443,500,4070.86171
4653.11926,500,4072.011818
4465.574498,500,4073.161027
4438.563863,500,4074.317289
4764.027411,500,4083.348924
4577.922498,500,4084.505917
3059.882036,500,4085.653978
4378.833397,500,4086.802344
3997.994449,500,4096.547644
4128.762792,500,4097.700293
4619.17015,500,4098.852164
3257.44626,500,4100.00564
385.729166,113,4100.26444
4245.13089,500,4110.107899
3979.013102,500,4111.259384
4504.349326,500,4112.408161
1466.149068,500,4113.564317
4462.196412,500,4122.986549
4644.477796,500,4124.134266
4459.422715,500,4125.28304
4149.312565,500,4126.438543
5000.958786,500,4127.589784
4254.46472,500,4136.869768
2539.432275,500,4138.022031
739.722072,500,4139.194042
4105.413022,500,4140.345824
252.3962,118,4149.252338
3903.602424,500,4150.403768
4212.793613,500,4151.555747
4420.920602,500,4152.714999
4875.398732,500,4162.575493
4041.511232,500,4163.725619
4243.95512,500,4164.876994
995.628554,500,4166.02439
3943.591633,500,4167.173275
3663.473358,500,4176.933776
3849.509801,500,4178.087167
3456.680062,500,4179.237369
4011.069895,500,4180.386938
3921.110773,500,4190.154754
4095.519529,500,4191.30264
3861.328202,500,4192.454371
4128.131909,500,4193.602911
4123.489562,500,4203.441885
3715.241801,500,4204.586799
3919.507086,500,4205.730164
3570.689841,500,4206.876146
2985.296163,500,4216.104332
2219.262245,500,4217.258436
2518.561798,500,4218.419139
2661.075992,500,4219.579342
2593.567969,500,4229.356161
2759.74271,500,4230.50943
2345.580272,500,4231.671817
2296.044708,500,4232.838558
2782.726436,500,4242.59833
2526.517128,500,4243.756469
367.224477,500,4244.915365
2429.692198,500,4246.074031
2472.873826,500,4255.835192
3137.843642,500,4256.994643
2581.34018,500,4258.151554
2627.538333,500,4259.309149
2436.830976,500,4269.073737
2961.801149,500,4270.228654
2803.451889,500,4271.382064
3005.272157,500,4272.534852
2864.755396,500,4282.414992
2951.519461,500,4283.567791
2770.444884,500,4284.719467
2691.530382,500,4285.870156
2556.896322,500,4295.720026
2888.926066,500,4296.873786
2848.169361,500,4298.030428
2906.145824,500,4299.184341
2630.120428,500,4300.341894
2786.91298,500,4310.115527
2781.058904,500,4311.274899
3098.523387,500,4312.430211
2946.801923,500,4313.587741
2935.036978,500,4323.40421
3016.527659,500,4324.561145
2920.454439,500,4325.721125
2962.329841,500,4326.877759
2957.296135,500,4336.729731
2666.135581,500,4337.884147
2830.58182,500,4339.042251
3302.687476,500,4340.197961
2912.712667,500,4349.967018
3181.806855,500,4351.125566
2963.316637,500,4352.286124
2896.738029,500,4353.442738
2871.276818,500,4362.765693
2847.821925,500,4363.926267
3133.473803,500,4365.086961
2897.679887,500,4366.245941
2893.301301,500,4376.032302
2999.39875,500,4377.194347
2959.197609,500,4378.355626
3190.012844,500,4379.518873
3188.279175,500,4389.307305
37.16466,48,4389.418373
2797.08045,500,4390.582592
2605.113037,500,4391.743001
2680.873357,500,4392.918264
2880.89953,500,4402.71205
2918.453082,500,4403.878804
2819.523272,500,4405.04001
2847.679752,500,4406.206315
2860.702112,500,4415.983236
1592.137794,500,4417.145011
3157.706884,500,4418.315001
3000.427043,500,4419.491081
2830.124358,500,4428.821632
2852.5261,500,4429.991927
2926.977531,500,4431.162047
2889.14959,500,4432.332639
2679.454854,500,4441.63252
2658.937531,500,4442.801479
2753.195942,500,4443.971245
3052.920226,500,4445.138356
2949.91994,500,4446.305659
2606.79837,500,4456.218218
2891.116882,500,4457.378364
2652.232278,500,4458.543303
2785.382597,500,4459.711474
2791.712148,500,4469.394167
2367.172508,500,4470.560251
2981.977077,500,4471.72886
2701.491463,500,4472.897911
2736.547618,500,4482.749227
2914.216417,500,4483.915912
2888.815791,500,4485.083129
2497.95833,500,4486.248167
2893.044815,500,4496.067934
2949.114992,500,4497.235997
2899.330598,500,4498.408889
3093.590281,500,4499.592884
2693.930658,500,4509.401492
2766.952411,500,4510.569962
2953.911627,500,4511.742322
3169.520026,500,4512.91977
2725.073571,500,4522.72865
3122.017156,500,4523.898316
2931.045952,500,4525.069155
2985.086274,500,4526.241151
2452.808158,500,4536.058685
2682.405107,500,4537.230544
2628.336297,500,4538.407426
2710.488168,500,4539.577369
869.030789,500,4549.441457
2884.268895,500,4550.615018
2534.8293,500,4551.78675
2839.366654,500,4552.959836
3260.446354,500,4562.80739
2388.35392,500,4563.97244
2783.542605,500,4565.141459
2269.250859,500,4566.309244
2669.624979,500,4576.16695
2712.015038,500,4577.33164
3124.965306,500,4578.499098
2553.647572,500,4579.665089
2517.010923,500,4589.697985
1969.47532,500,4590.86103
2663.876284,500,4592.027836
2756.06451,500,4593.200181
2595.51618,500,4594.367696
2859.881472,500,4604.221642
2423.39554,500,4605.386993
2630.770648,500,4606.55123
2765.204086,500,4607.717778
2697.019612,500,4617.626315
2649.094593,500,4618.784239
2904.11665,500,4619.941938
2796.169751,500,4621.097544
74.344051,69,4621.256014
1859.885135,500,4630.688234
2060.877267,500,4631.832516
1824.791902,500,4632.982139
2029.663423,500,4634.136276
2024.948824,500,4643.923189
1864.649819,500,4645.074375
1926.553986,500,4646.226064
1939.061135,500,4647.374576
1843.497795,500,4657.138448
1950.412091,500,4658.287176
2128.928279,500,4659.433226
2220.667346,500,4660.580589
2080.663486,500,4670.410306
2404.361511,500,4671.569433
2166.097076,500,4672.727624
2375.917054,500,4673.884907
2423.389089,500,4683.733991
2320.560476,500,4684.891417
2013.494429,500,4686.047456
2536.431293,500,4687.200852
2341.333165,500,4696.948878
2429.523983,500,4698.106901
109.170975,500,4699.268309
2292.7644,500,4700.423269
2193.165313,500,4710.161304
2409.845072,500,4711.324543
2239.732025,500,4712.483185
2098.508736,500,4713.639374
2415.626628,500,4722.908021
2274.124956,500,4724.065897
2423.419538,500,4725.226212
2253.399083,500,4726.389959
2293.807542,500,4736.22661
2719.727055,500,4737.381132
2296.120078,500,4738.542312
2553.048729,500,4739.707198
2424.696401,500,4749.558822
575.322143,500,4750.721472
2315.342261,500,4751.880735
2388.834656,500,4753.048959
2116.666003,500,4754.215226
2361.208626,500,4764.053917
2278.301894,500,4765.222432
2461.289347,500,4766.387351
2126.641878,500,4767.550075
2186.783005,500,4777.327161
2105.965294,500,4778.489479
2262.906173,500,4779.67026
2211.657318,500,4780.841187
2080.263152,500,4790.588842
1999.168626,500,4791.761602
2021.353593,500,4792.932018
2031.494656,500,4794.109776
2461.533553,500,4803.958938
2579.583665,500,4805.130477
2257.705566,500,4806.301613
2225.796687,500,4807.470015
2438.879158,500,4817.293381
2133.866068,500,4818.469146
2233.095893,500,4819.641698
2396.477394,500,4820.806964
2537.937567,500,4830.625742
2334.452305,500,4831.798926
2487.500821,500,4832.969667
2355.61817,500,4834.141376
2326.477375,500,4843.980128
2164.40744,500,4845.152122
2125.075437,500,4846.32828
2356.670959,500,4847.500971
2032.499049,500,4857.290511
2529.346696,500,4858.478318
2229.971148,500,4859.647774
2423.53372,500,4860.822485
2570.086092,500,4870.697056
2001.041194,500,4871.875678
2066.045004,500,4873.060382
2119.528083,500,4874.242417
1807.120992,500,4884.119257
2047.578975,500,4885.308757
2314.237993,500,4886.494631
1888.119109,500,4887.681886
1917.701828,500,4888.867739
1632.428395,500,4898.999319
744.592594,500,4900.182572
2197.951722,500,4901.368599
1831.134124,500,4902.553418
1792.35068,500,4912.403456
2341.417248,500,4913.590368
1912.124803,500,4914.778077
2123.700448,500,4915.962923
2019.557786,500,4925.779416
1937.06096,500,4926.972333
2206.155022,500,4928.16256
1957.926264,500,4929.345449
2171.485583,500,4939.148278
2202.218395,500,4940.334762
2230.636904,500,4941.529215
2125.925088,500,4942.720686
2163.853516,500,4952.54927
1766.535969,500,4953.737797
795.23961,500,4954.92467
1990.952146,500,4956.112788
1637.921137,500,4965.951627
2089.766938,500,4967.13681
2029.555415,500,4968.324703
1863.335131,500,4969.514321
2305.196743,500,4979.408909
1807.785653,500,4980.595546
2106.950317,500,4981.78486
2003.475825,500,4982.971633
1777.941725,500,4992.764416
2209.129821,500,4993.952721
2496.150944,500,4995.137978
2122.511065,500,4996.324779
2306.00744,500,5006.240403
1960.175684,500,5007.430192
2048.173532,500,5008.619315
2348.056723,500,5009.805632
2368.74526,500,5019.630919
2385.096905,500,5020.797588
2111.566961,500,5021.965788
2168.43925,500,5023.136362
2386.989593,500,5024.300691
2302.055883,500,5034.585183
2390.355431,500,5035.757716
2225.418561,500,5036.929873
2178.284157,500,5038.096307
2349.481526,500,5047.968382
2137.471734,500,5049.140115
2475.13185,500,5050.335078
2313.318617,500,5051.508646
2375.27194,500,5061.408745
736.710327,500,5062.581771
2327.578637,500,5063.750188
2426.759832,500,5064.919184
2107.325622,500,5074.883685
2398.424461,500,5076.026709
1964.327539,500,5077.174356
1948.405733,500,5078.321325
1549.465931,500,5088.170298
2092.424024,500,5089.315609
2590.760244,500,5090.463434
1032.3122,500,5091.605411
2207.663454,500,5100.577403
2858.896078,500,5101.71808
49.588364,65,5101.866472
3090.661898,500,5103.007423
3109.906794,500,5104.145869
3218.527719,500,5113.239568
2124.664142,500,5114.379521
1774.622658,500,5115.521646
509.317474,183,5115.938159
1765.981662,500,5117.07887
334.737756,127,5125.140035
3134.883893,500,5126.287311
1422.264222,292,5126.951122
1996.620447,500,5128.100116
2298.527253,500,5129.252589
2240.615351,500,5138.280887
1396.184179,500,5139.430493
1831.647253,398,5140.338808
2784.903025,500,5141.474385
2483.843815,500,5151.017226
2212.092716,500,5152.159286
2191.68994,500,5153.296687
1986.863375,500,5154.428764
951.890055,500,5163.944686
2385.630966,500,5165.078111
2387.618726,500,5166.218288
2752.086906,500,5167.359378
1736.922392,500,5177.1752
1850.499602,500,5178.30996
1063.718731,294,5178.983668
2090.474463,484,5180.090024
1830.715133,459,5181.142856
2178.534151,500,5190.852546
2064.404414,500,5191.988201
2212.771752,500,5193.133719
2196.425101,500,5194.272914
2191.131332,500,5203.858625
2189.873404,500,5204.997631
126.31008,85,5205.192223
2385.170846,500,5206.332998
2279.966504,500,5207.478042
1877.226513,500,5217.158368
2421.06217,500,5218.301059
2484.736974,500,5219.469371
2333.670273,500,5220.62189
2445.393134,500,5230.348554
2779.025431,500,5231.493091
2251.42588,500,5232.643368
2500.828709,500,5233.784316
2243.210611,500,5243.515857
2709.077998,500,5244.656148
2389.730522,500,5245.795377
1929.762373,500,5246.942196
2082.544668,500,5256.668746
2758.577445,500,5257.809933
2931.03464,500,5258.948644
2461.982534,500,5260.089351
2460.609347,500,5269.682001
2807.489152,500,5270.822145
2853.898408,500,5271.965254
2768.527839,500,5273.11445
2542.327246,500,5274.256981
2045.42112,500,5284.179127
3007.033724,500,5285.318291
2172.992118,500,5286.455672
2715.648622,500,5287.597376
2384.287885,500,5297.331723
2727.709258,500,5298.476918
2562.297552,500,5299.617456
2844.138901,500,5300.756699
2984.862096,500,5310.500466
2566.423645,500,5311.646537
2521.499716,500,5312.799895
2308.506171,500,5313.945668
2366.502852,500,5323.165304
2675.833303,500,5324.30856
2780.67487,500,5325.447793
2808.478231,500,5326.586339
2010.460061,500,5336.341606
2856.742709,500,5337.485071
2703.54674,500,5338.627836
2755.644574,500,5339.770595
2724.256521,500,5349.639038
2656.563391,500,5350.782964
3308.20686,500,5351.924044
2719.186635,500,5353.07061
2484.144006,500,5362.629453
2860.635356,500,5363.773391
3082.446677,500,5364.916163
2763.081536,500,5366.060154
2929.414793,500,5375.538356
2929.564627,500,5376.679973
2729.593105,500,5377.826349
2970.071486,500,5378.971344
2208.263293,500,5388.791508
2835.170243,500,5389.940289
2397.979934,500,5391.08487
2578.329735,500,5392.227454
2866.648702,500,5401.984598
2769.784972,500,5403.136778
2972.077576,500,5404.285277
2613.292143,500,5405.43172
2730.333797,500,5406.583199
3076.984212,500,5416.319343
2848.370149,500,5417.468413
2571.570203,500,5418.616118
2870.757689,500,5419.762464
2430.609891,500,5429.565585
2566.494727,500,5430.717214
3095.131655,500,5431.872341
2591.817556,500,5433.02919
2343.190076,500,5442.818759
2508.139359,500,5443.976175
2640.884441,500,5445.123059
2481.390778,500,5446.272657
3236.456924,500,5455.598702
2744.394129,500,5456.75459
2856.084169,500,5457.905179
3321.636157,500,5459.0601
2580.269299,500,5468.816213
2740.140431,500,5469.972651
2824.848054,500,5471.123678
2811.350161,500,5472.277534
3324.946371,500,5482.019646
1292.042062,500,5483.173712
2968.603655,500,5484.324622
2873.632481,500,5485.478457
2923.610627,500,5495.322769
2595.986074,500,5496.473977
3019.549201,500,5497.623582
2044.896395,500,5498.775663
2919.10127,500,5508.623403
3218.808946,500,5509.774516
3095.030925,500,5510.932092
2535.430573,500,5512.087092
3260.94935,500,5521.859559
2971.360342,500,5523.011865
2888.760009,500,5524.164447
3014.788286,500,5525.322692
2933.474991,500,5535.068011
2501.762667,500,5536.224695
2922.44495,500,5537.376581
1616.509559,500,5538.527956
967.65832,500,5548.328196
3103.51986,500,5549.482853
2737.482035,500,5550.634508
2789.89265,500,5551.785583
3561.066737,500,5552.936424
3131.315678,500,5562.726219
2958.375975,500,5563.877747
2791.626397,500,5565.027499
2811.83797,500,5566.181521
3011.059888,500,5575.949592
2438.792091,500,5577.105561
3344.321422,500,5578.251729
3779.469141,500,5579.425926
2463.688652,500,5588.460013
3134.257574,500,5589.622279
1083.656824,500,5590.777247
3227.501135,500,5591.932252
3083.115841,500,5601.698315
3205.877481,500,5602.845348
2657.356011,500,5603.995096
2644.376739,500,5605.144632
3482.819611,500,5614.965436
2927.647304,500,5616.11795
2682.8626,500,5617.272374
1739.175728,500,5618.422171
2560.574479,500,5628.259636
3205.172468,500,5629.414232
3082.16075,500,5630.570916
3192.82921,500,5631.719149
2985.557214,500,5641.557009
2116.258101,500,5642.705381
3523.636757,500,5643.85578
2845.240118,500,5645.006364
2492.038466,500,5654.751125
3141.982752,500,5655.898885
3331.275937,500,5657.050024
628.662655,500,5658.204322
2996.180418,500,5668.082336
2568.417046,500,5669.24846
2887.860496,500,5670.401417
2989.355504,500,5671.548159
2802.622626,500,5681.115237
3224.395255,500,5682.26387
3187.068858,500,5683.425328
3054.665371,500,5684.57812
3315.910674,500,5685.728345
2713.772555,500,5694.599766
3467.777391,500,5695.765738
3307.361835,500,5696.926549
2969.755993,500,5698.08067
2998.395972,500,5707.857972
3049.231808,500,5709.006162
2909.568214,500,5710.15867
2781.367168,500,5711.309832
3055.611569,500,5721.154525
2847.488937,500,5722.309133
2900.981425,500,5723.46409
2754.910734,500,5724.62305
3059.271542,500,5734.529741
2887.342216,500,5735.680178
3152.731033,500,5736.83488
3245.638229,500,5737.987196
3075.982999,500,5747.57602
3308.348123,500,5748.728756
3070.498881,500,5749.885759
1635.87742,500,5751.046741
2952.861445,500,5760.720601
3084.013188,500,5761.883746
3004.012781,500,5763.048522
3262.960586,500,5764.203779
3108.940513,500,5774.107101
3075.455448,500,5775.262045
2422.235762,500,5776.420964
2185.063232,500,5777.580374
3130.003739,500,5787.463274
2124.959405,500,5788.617846
3193.737112,500,5789.781171
2749.574639,500,5790.932313
2930.193416,500,5800.777026
2403.580688,500,5801.931555
2664.807044,500,5803.086503
2865.156658,500,5804.245415
2916.91682,500,5814.112762
3295.079878,500,5815.266268
3324.24403,500,5816.422006
2668.877394,500,5817.574296
3088.96922,500,5827.329262
3072.618681,500,5828.487755
3086.652021,500,5829.644165
3264.70167,500,5830.791764
3008.140477,500,5831.944637
3135.52231,500,5841.884961
2194.807052,500,5843.031915
2595.890334,500,5844.188213
2997.275084,500,5845.342618
3042.525186,500,5855.21693
2474.721763,500,5856.375579
3157.260825,500,5857.530756
2647.992854,500,5858.683114
3089.471992,500,5868.82186
2966.403374,500,5869.978462
2774.981296,500,5871.137498
3162.635987,500,5872.295126
3305.620306,500,5881.751027
3092.313896,500,5882.905214
3215.790572,500,5884.056293
3281.169848,500,5885.212131
3277.515388,500,5895.056875
116.349263,500,5896.216214
3237.220006,500,5897.377239
2487.836067,500,5898.533348
3572.042788,500,5908.328606
3073.869067,500,5909.487738
3095.705021,500,5910.643242
1833.699855,500,5911.807338
3273.936938,500,5921.651836
3201.151594,500,5922.812303
3217.934132,500,5923.971605
2970.916904,500,5925.136231
3403.734016,500,5934.936767
349.690725,173,5935.336042
3101.24728,500,5936.501597
3028.79981,500,5937.666048
3256.015439,500,5938.842782
3050.556357,500,5948.656101
3236.040758,500,5949.830709
3166.168521,500,5950.995147
3053.062208,500,5952.159247
3024.229926,500,5961.966584
3154.899849,500,5963.12754
3110.346132,500,5964.287772
2920.373538,500,5965.449412
3418.336073,500,5975.245861
3102.446631,500,5976.412211
3145.57707,500,5977.573008
3710.06645,500,5978.733253
3086.839248,500,5988.514384
47.321763,48,5988.62327
3226.244337,500,5989.793682
3063.97728,500,5990.963523
3075.241251,500,5992.128251
3285.489656,500,6001.503046
2938.154877,500,6002.668967
3041.63828,500,6003.836445
3069.980335,500,6005.005924
3283.942929,500,6014.921484
3031.449376,500,6016.081301
3192.032338,500,6017.247783
3231.009033,500,6018.415046
3060.425316,500,6028.22888
3209.243686,500,6029.415672
3339.060832,500,6030.582082
3250.394876,500,6031.748994
3042.073032,500,6032.921754
44.13113,36,6033.004868
3410.141244,500,6042.866346
2978.645379,500,6044.03155
3263.270767,500,6045.203681
2786.740949,500,6046.37106
3018.829642,500,6056.266831
3223.242964,500,6057.433737
3024.627039,500,6058.605612
3289.370465,500,6059.776129
2934.542772,500,6069.634601
2952.37899,500,6070.802952
3053.260096,500,6071.972476
3308.099632,500,6073.140313
2963.00532,500,6082.950081
2895.263692,500,6084.120632
3296.91662,500,6085.287301
3020.104057,500,6086.456193
3100.11569,500,6096.370453
2899.375541,500,6097.545215
2956.717647,500,6098.71608
3026.185519,500,6099.888577
2802.230885,500,6109.729705
3057.530483,500,6110.899048
126.482794,86,6111.099831
3026.288013,500,6112.274686
2859.209842,500,6113.448641
3073.143626,500,6123.304825
2866.513048,500,6124.479002
3043.771075,500,6125.649685
45.802742,47,6125.759432
3155.320677,500,6126.932261
3082.746333,500,6136.771997
3300.091743,500,6137.947533
2736.232031,500,6139.117324
2741.360338,500,6140.28924
3046.825243,500,6150.11879
3165.495555,500,6151.290494
2726.815133,500,6152.459574
2908.534725,500,6153.631706
3137.852033,500,6163.434237
2657.625673,500,6164.607826
3361.108278,500,6165.779989
2637.23066,500,6166.949862
3103.728187,500,6176.793262
2845.740123,500,6177.966867
3082.701549,500,6179.139398
2948.212566,500,6180.316608
3088.271984,500,6190.287966
2870.190698,500,6191.458922
2923.571716,500,6192.63354
2928.409833,500,6193.803425
2904.98304,500,6203.661467
2958.766635,500,6204.837255
2811.803069,500,6206.014293
2792.949412,500,6207.18746
2917.231923,500,6217.092822
3348.053575,500,6218.247412
3390.801893,500,6219.412585
3129.882902,500,6220.571153
3332.39912,500,6221.723026
3272.600026,500,6231.086871
3123.443823,500,6232.246814
2938.314425,500,6233.4136
2991.191425,500,6234.576368
2751.508847,500,6244.400986
2868.198197,500,6245.565521
3247.349717,500,6246.727963
3187.950959,500,6247.889279
3017.836827,500,6257.734442
3264.933872,500,6258.900857
3375.823373,500,6260.063597
3314.342328,500,6261.231231
2907.969247,500,6271.03835
3197.847629,500,6272.202405
2628.336303,500,6273.3662
2903.873612,500,6274.531866
3302.649875,500,6284.344766
3048.073393,500,6285.510508
2765.50717,500,6286.672511
3043.472874,500,6287.836872
3233.44442,500,6297.655024
3030.793992,500,6298.844578
3135.08202,500,6300.012898
3026.472294,500,6301.174104
2987.316575,500,6310.987627
3061.178325,500,6312.155865
3041.266403,500,6313.33384
2863.717265,500,6314.498969
3086.407964,500,6324.396251
2791.110995,500,6325.563927
2964.068934,500,6326.730076
2881.38645,500,6327.899939
3119.180908,500,6337.731776
3016.110684,500,6338.899297
3203.505521,500,6340.063392
2935.263428,500,6341.229944
2987.955562,500,6351.051216
2761.146287,500,6352.22349
3137.241305,500,6353.447011
2894.197938,500,6354.614187
3136.764853,500,6355.777935
347,500,6353.066386
3063.406083,500,6354.234229
3185.612418,500,6355.400838
983.380277,500,6286.309178
3222.00401,500,6287.474021
3166.890122,500,6288.638162
3063.052497,500,6298.463224
2968.209222,500,6299.646919
3018.070557,500,6300.813773
2949.055487,500,6301.979976
2869.092719,500,6311.791327
3214.59934,500,6312.968376
3035.430377,500,6314.136133
2904.140813,500,6315.30107
3078.505592,500,6325.201177
3001.715129,500,6326.366016
3025.75524,500,6327.536697
2887.469433,500,6328.703947
2832.914565,500,6338.535341
3040.785382,500,6339.700205
2634.081296,500,6340.865562
3118.503449,500,6342.032095
3103.865113,500,6351.86009
3073.758776,500,6353.081315
2905.011711,500,6354.250577
2730.522536,500,6355.416407
897
2896.766001,500,6342.451788
3231.579493,500,6352.27842
2793.959695,500,6353.503126
2778.393604,500,6354.669979
2988.500715,500,6355.83394
455,500,6220.719404
1917.431633,500,6221.871048
3054.045855,500,6231.234849
3396.466127,500,6232.394719
3155.126445,500,6233.561993
3318.194762,500,6234.724407
3598.129963,500,6244.548695
2938.219159,500,6245.713569
2982.759637,500,6246.875827
2947.599372,500,6248.037248
3103.999044,500,6257.882437
3129.071368,500,6259.049157
2979.33476,500,6260.211428
3219.418034,500,6261.379285
3266.500113,500,6271.186267
3161.959951,500,6272.350116
2868.338978,500,6273.514071
3371.936883,500,6274.67985
3149.351579,500,6284.492648
3176.338142,500,6285.658464
3106.432158,500,6286.82044
2784.83653,500,6287.985121
3292.71857,500,6297.803039
3040.959614,500,6298.992486
2924.966467,500,6300.160728
2752.939971,500,6301.322043
2966.500328,500,6311.13559
3091.33454,500,6312.303896
2970.308414,500,6313.481873
3179.721217,500,6314.646952
2824.988809,500,6324.54425
3033.720972,500,6325.711872
2940.233705,500,6326.877996
2923.951604,500,6328.047839
2774.550042,500,6337.879691
3112.390003,500,6339.047273
3194.129608,500,6340.211362
3029.308641,500,6341.377878
3028.130273,500,6351.199643
2988.392993,500,6352.371514
3197.982347,500,6353.594932
2884.384307,500,6354.76253
2931.076603,500,6355.925858
