#{"t_start": 1608179059.8560827, "env_id": "HCWithPos-v0"}
r,l,t9157.277474,500,2.74143112153.206243,500,3.3837717108.089892,500,3.94527811139.75091,500,4.9703351154.424067,500,11.06852
116.816078,500,11.717062
194.284493,500,12.352174
140.990029,500,12.991603
127.937795,500,19.935759
116.111908,500,20.588021
176.591987,500,21.2426151247.907904,500,21.88377510154.582067,500,30.70363617192.457267,500,30.99094213153.028265,500,32.04335162.735108,500,32.963086
225162.74578,500,41.8883618199.734313,500,42.58335420203.576497,500,43.256841155.02533,500,43.753598
192170.371952,500,52.67461119290.56803,500,53.68976322190.993815,500,54.33715619215.317138,500,55.04565518173.244263,500,63.29122925215.266616,500,63.61829923239.5161,500,64.617856
186.032444,500,65.464856222.073171,500,73.940423
224.780285,500,74.599869
210.735597,500,75.285135
251.063223,500,76.180861
201.618693,500,85.0168742249.620483,500,85.65713922241.080916,500,85.9425882204.811784,500,86.938693263.082156,500,96.042113
2256.123187,500,96.50228425298.985163,500,96.81149282258.771573,500,97.4473520248.561437,500,106.95299629277.803715,500,107.63545427297.593512,500,108.27157524267.611926,500,108.55794272271.461689,500,109.55052303295.05204,500,118.25899630295.591781,500,118.89129431313.262487,500,119.52270.22295.236066,500,119.8303.953367,500,129.681444
280.462679,500,130.398357
335.193323.190674,500,130.8268.913310.514181,500,131.4294.64049,500,140.667189
319.409593,500,141.30296
308.292.291.670259,500,141.311.347324.090726,500,142.0343.32326.553541,500,151.23340.03315.172031,500,151.88307.12334.476285,500,152.54328.63305.896922,500,153.18364.144712,500,162.381055
301.83367.001948,500,162.86355.79296.293533,500,163.54330.39328.096918,500,164.308.149636,500,170.737457
348.447356.039045,500,170.8347.663317.741229,500,171.4419.042143,500,172.632662
341.930248,500,181.769614
367.481331.200184,500,181.8368.388352.610437,500,182.4416.89376.745657,500,183.51386.413433.749897,500,189.394.954318,500,191.159184
382.520337.335951,500,191.6372.260390.596626,500,192.3397.438407.472035,500,200.2410.384412.029374,500,200.436.745736,500,201.805938
416.224164,500,202.437856
388.6360451.239601,500,208.471.8400428.126377,500,208.431.2413.769123,500,209.635404.2437428.627189,500,210.437.2377399.010037,500,210374.8440434.464001,500,21417.1068444434.235432,500,2437.715436449.961307,500,22435.411912430.654433,500,22430.956642431.608608,500,22430.292404.617166,500,224.7449.4313392.829252,500,225439.6024455.545476,500,226442.12409450.144391,500,233477.32624427.895411,500,233436.527158,442.245968,500,2411.389518,500,235.123093
449.3752447463.251122,500,2504.33923414.396499,500,242464.305413,500,243.744387
456.77288442.712663,500,243465.31574465.755774,500,250468.05511432.83804,500,251.451.6249438.773263,500,252.436.7069449.560421,500,252.494.43850468.938663,500,256467.77315447.26787,500,257.467.6984446.612971,500,258422.51555,500,258.90822
517.675103,500,263.139218
508.20203464.831136,500,263491.697034426.383899,500,26459.769592457.793677,500,26459.533941457.343126,500,27469.176715467.545168,500,27474.662599524.680908,500,27490.43438452.652583,500,27555.7336,5474.302085,500,456.46697499.504.215453,500488.5213474.460886,500,284494.463463,500,285.283174
476.849572,50491.33309,500,529.299752,546507.501233,50470.798282,500458.679521,50506.812564,519524.832031,453.961169,5499.457.492148,442.259375,5468.71724,500,2497.303275,517.9562.354889,468.245452,500,2474.089822,473.166955,500,2530.394871,473.912481.4492.150091,500,457.189297,5473.071693,500,506.480356,5478.449.173833,515.01488.48508.319668,500,464.472603,500,494.720154,5504.77502.69465.541253,500491.893498460470.014569,500512.351642,50489.360661,500600.800666,50488497.520075,505.49562.511462.18367,500,447.062328,500,3507.626119,477.166547,500,323.166858
480.9536694456.799729,500,461.389011,5536.248852,500,452.965707,5513.876459,500,521.45792,500,331.833748
470.619496.589056,500,338.6441.281596,50503.626548,500578.037773,50511.750873,500510.149457486.499573,500,34555.471472521436.591073,500496.795207,500,34507.369239513.98491.590763,597.302955473.366315,5463.986406,500,488.5481.697078,500,354.202542.652736,5480.559572,500,518.447806,500,355.974386
520.567815,5500.465852,500,468.4444.7463.459707,500,3507.51491.3546.20571,500,36516.424586,500,364.230821
455.519.026298,500,364.5102487.51515.526.393358,500,581.79486.52580.103922,500,543.604971,5473.895108,500,478.25522.00482.059902,500,545.650228,500,377.898319
525.6552.252463.589568,500521.825355,500,379.19752
538.479471.258528.395156,50560.229486.622517.839248,50507.841512,50466.554136,500477.497959,539.601234,500,3515.5808,50533.9525.93360517.510351,50526.4519.87489512.66699464.546.451157,500479.52931551.520.688569,500533.92169,500533.625084,5531.702167,500,499.867067,5579.738108513.90022569.1847506.709975,500,402515.97915552.192329,500,403.197654
620.655018,500,403.841551
563.571044,500532.627352,50540.118056,500,411.466655
533.6514479.49552.771112,50577.1935525513.46559.961566593.4034560.64549.670159,5502.00832561490561.084264,5537.53447470567633.274579,5562.300762,500,564.442698,5544.33787439.25734485.6869609.718348,500,429.168775
515.024757,500,429.603.6669503.453737,500,430.439967
547.936724,500,4628514.3498464.373189,500,4553.99763,5553.115167560.612892,500,43523.267294,500,438.458.093544.55951,500,44550.538.2568.936054,500,444.967552.1581.728823,500,445618.80634596.529711,50563.579.3451548.75452,500,4489.513.702576.387335,500,453.1528.778551.60905,500,453.744631
552.002138,500,454.37585.43584.075675,500,460.77492.14623.486725,5530.47395572.29556.763999,500,462.0544.574578.902128,500,462.6758520.502.633692,500,468.8561.584553.904333,500,469.48619.20550.016133,500560.9657.8406620.095826,500,470.571.7743563.152584,500,471.412412
569.160122,500,478.517.3497513.59484578541.735522.5587519.23062620606.628564.757553.9030976534.86412578.654623.237145594.781349600.875492.451858614.6787696544.96607.791464,500,487.819655
526.009631,500,488.4597.570592.855354,500,495.6556.049564.181574.798027,500533.66606.120572.536023,500604.98589.017421,500,497.5553.919596.090610.733448,50497.781580.828422,500,506.0601.232679.562412,500,506.6530.327623.255725.725585,50544.753657.737988,500,516.6496.526547.18597.057639,500,516.91659.716467,500,517.9679.421607.50580.850788,500,518.2566.586595.283467,500582.54606.045372,500,526.05564.20621.1855631.307032,500,525.629.521887,500,527486.47459571.791717,500,532.598.8550638.697936,500,533.211208
660.867114,500,533.842659
559.08558.918354,500,534.1709.164598,500,540.636002
641.759621.59614635.645.734565.573537,500,716.057839,5701.443588.429619.876946,50581.642716,500,546662.25241615.29589.941766584.457911623.944603.2633560.017083,5612.647096,500,6631.855298,583.089274,500,5608.451388,599.678299,500,5602.959666,636.20869,500,55637.968615684.465003,500,55638.038617669.482088,500,55630.808271617.627554,500,56603.433986546.894109,500,610.745523,5591.1617.85352577602.46727,723.523038,500,610.021396,5522.763463,500,575.248153
635.777282,500,575.88278
742.486554.3204742.967048,635.698669.87363587.196087544.295854,500,58562.879798579.2398632.975766,500,584.568.3550574.2608.248425,500626.356764,500,586.114538
666.710668,50526555.572077610.365824,50072600.233217,646.187186,500,5575.04445,5657.91342,500,5707.929762,596.56753,632.510.371671,5698.73822,500,665564.8981541.809134,500,6614703.1073730.031419634.01641.522834670.650275640.059762.736445661.672674,500,609.433993
551.859213,500,610.765.4183655.371651,500,713.490.5524600.572061,500,618.646.9779692.878814,500,619764.10753698.731793,500,619.794671
672.0476547.552528544.93874685.1318634.147653.49384,50658.192921,500653.737.33439559.8347686.1694.705058,500606.038508,5729.687.397961,592.27387666637.397272,500,734.3932666.255588,500,638.602.4287593.727.9557,500,63610.884644,500,640.356399
698.259306,829.727136,500,6507.7216654732.671073,500,6720.7906743772.929857,500,6574.3257596.872244,500,652.783.3536572740.779285,500,6674.2078644.61669,500,660.5815.104644.292546,500,661.658.5086653.530435,500,661.658.198316,500,663.09222
570.43071722762.340682,500,752.1949767.684.551519,500674.096680567.675523,500,761.863099741.489991,500,67627.062979781.1597.122259,5662.46597624.59741.209834,5598.857463,639.754.695467,5756.707497,500,644.224232,5720.4776713.982583.856592,5681.2297638719.830.982593,5639.333785.614843.98619,500787.218723.51782.325247,500700.371626,596.249161,500,6787.351710.45782.658726,500681.447111,500,699.206911
694.762858,50595.55688,500,710.32687.35736.194079,500,684.77627.027789,500,706.81796.01853.941015,500,707.45754.14532.9664.191839,500,7831.81805.0793.880213,500,7726.649.380835.204245,500,662.685.1701,500,717.47724965632.548941,500,718.11222168684.975478801.895324,500,739.42924,500,726.362357
7611.06647,50813.81468,500633.211434,500,727.090521
7529.411051743.623719,500,7828.708327,500,734.222604
703.41327,500,734.888716
481.675828,500762.940334,5711.870366,5577.404253,500,779.254579,500,741.107913,739.740219,500,7609.280084,75382713.224035,856.38554601.707518,500,75739.68645776.771066,500,751757.57423846.4782.119321,50742.24188582.202613,500,752.526541
761.113484,500,753.220709
657.510825,500,759.3939
802.942599.138175,677.72854940.182371,500,76636.19667,867.03727.589105700.781478,799.06794.058375583.574543,866.705953,500,774636.53027847.625977,500,7872.995252,689.133976,500,7754.955395,792.7682.042512,849.323521,744.3827.580033,500,777.340849.5870.959397,500,777.972813.2718.517929,500,778.604501.031396,500,7991.652883,586.087302,500,7823.555451,832.101026,500,7650.930393,786.640721,500,7896.666957,877.784.538719,500,794.6093761.071607,50935.279274,500749.752.651696,5781.959102659.7730.528869,500,796.581877.5851.835424,500,803.506697.404682,500,803.582707
790.2898.610017,500,804.78578.43717.198108,500,805.4824.639664.376822,500,813.4807.233283,500,813.556075
745.603993.239499,500,814.7783.213791.297495,5958.7702964.88701,500,822.064056
906.8710707.815697,500,823795.566438,500,823.407695
645.80794.434113,500,823.83906.53678841.067792.006547845.828949,500,831.620065
815.514828,500,832.259159
728.699385930.968212,500,83789.703892,500,842.318742
871.383557927.443323,500,84813.035501,500,843.587829
843.739898,500,844.249421
861.76951672.741642,500,845747.576122,500,851.864757
876.732171,500,852.5836.231756.12423,500,853.23909.42781.458431,500,853.90692.681021.32623736.771008,735.108950.87639756.468204,679.12874.378001,500,863.20141
851.437506,703.365867,830.6783.711292,500,871.342539.5933.337462,500,871.989649.91104.905.80902.24226,912.973854.794.0980.599789,960.417991.64357980.346675,500,882860.089092,500,882.627959
800.192323,500,883.326488
955.706900.788496,500,884.807.586746,500,891.66575
866.336382,500,892.305741
768.495044,500,892.936745.8958.627491,500,893.5731106.789.252569,500,900.479951
768.588186,500,901.113254
873.957665,500,901.746691
689.40793805.443333,500,770776.790392,500,908.80934664748.192937,500,909.466689
879.95656827.825871,500,910821.460981,500,910.787561
898.821911015.522309,500962990.846829,500,918.62859944809.862719,500,919.29212939729.1900.6755.953672,500,9869.012262,500,926.726322
844.678198,500,927.371795
1003.483592,500,928.0097997997.123423,500,928.7063893.742.441283,500,9351045.10521052.95741,500,935.70987881802.957733,500,936.391718
678.958984,500,937.047516
1061.876804,500,945.584956
969.920371,500,946.255415
603.049766,500,946.890980.7993.001271,500,947.546943.8653.647109,500,948.181879
900.199654,500,955.162766
730.369669,500,947.675442,5923.44893.694111,500,956.9926.991801.34459,500,957.64894.102577,500,963.49789.47950.064462,500,964.165705
946.748531,500,96966.738389959.322155,500,965.43842
879.223291101.361244,500,9686.469055,500,972.71248801077.272587,500,973.393950.4856.734193,500,974.041939
817.15161030.627318,5001011900.681411128.738576,500,98891.516428,500,983.12416411894.495182,1066.452638,500,1003.49116948.606434,500,9691026.981279,50697.488909,5001041.820753,500,991.540698
992.0847.577887,500,992.7371152.54539,500,999.370209
857.8988.331835,500,1001073.950.300866,500,1000.701712
792.4815.726729,500,1001.9341009.699495,500,1007.938814
710.111815,500,1008.590478
1150.936467,500,1009.2501000.872.11001.835383,500,1010.5617.794679,500,1013.368237
957.640259,500,1014.0570611098.061121,500,1014.69315
942.008921025.422926,500,101776.808528949.4622.273737,50739.68587,500,1022.712248
759.362762,1038923.51296,500965.93731881898.625579,500,1792.788893,500821.577539,500905.821969,500,1031.052732
816.139182,500,1031.688874
738.659847,500,1032.328275
985.479273,500,1032.967983
1088.488989961151.884129,500,838.43710991.31773.964172,5657.217388,500,1041.250374
840.892753,500,1041.883593
880.656462,500,1048.003623
601.299863,500,1048.647542
956.075867,500,10871.749234,886.413879,500,10491048.138819.697735,500,1052.815988
921.551108,500,1053.450223
812.408114,500,1054.08268
1095.579816,500,1054.754819
829.236604,500,1061.5805.5811092.61874,500,1062.246816
950.08896,500,1062.88873.21007.776712,500,1063.527349
731.710053,500,10697331106.2926.032784,500,1071152.687.1213.663042,500,1071889.1169.1056.094174,500,101045.81258.1104.308357,500,1079.287663
1118.18716,500,1079.924491.71020.695658,500,1080.555782
1097.731559,500,1081.191324
1210.245669,500,1087.543151
1029.825029,500,1088.176227
792.318895,500,1088.8535.71160.005229,500,1089.450144
659.031024,500,1097.025539
1080.083841,500,1097.666451
1024.822655,500,1098.30258
870.894364,500,1098.1095.281788.484489,500,1105.346006
621.354283,500,1105.91046.20928.885686,500,1106.615622
1068.037979,500,1107.561.25291058.182901,500,1113.8911137.1154.10719,500,1114.532722
997.014969,500,11151216.2874789.545354,500,1115.840572
1220.418689,500,1116.482278
1018.972162,500,1122.5016
1307.84754,500,1123.137742
1087.131176,500,1123.773471
1070.018311,500,1124.407337
971.826565,500,1131.728808
1058.449906,500,1132.369821
1037.366655,500,1131115.68383959.380234,500,1133735.71096723.723544,500,1139.374803
703.227914,500,1140.092181
1141.66068,501237.51006.5062998.142938,500589.12785.92911118.810896,500,1147876.19217873.031042,500,1148.068201
1030.53992,500,1148.704281
1389.883468,500,1149.349611
1074.580586,500,1156.261738
921.319508,500,1157.015447
970.537294,500,1157.645718
1382.175664,500,1158.281537
1194.2869011222.033717.098811155.826778,500,1165.124939
1201.860396,1184.653256,500,1992.29523,500,1166.44598
955.327641,500,1046.074148,5954.713976,500,1173.388169
1261.016803,500,1174.024062
1064.613848,500,11741080.03921015.803193,500,1180.736105
898.253503,500,1181.40034
1083.948331,500,1182.037523
1165.397738,500,1181022.4184900.465246,500,1189.941091
1055.835349,500,1190.617362
1214.80786,500,1191.31051143841.406329,500,1191.945743
1116.348289,500,1198.405132
838.895665,500,1199.094304
1025.649154,500,1199.729897
1268.20073,500,1200.922.864.1090.322377,500,1207.351441
1168.812973,500,120101246.308812.465077,500,1208451088.951254.033477,500,121051072.9241129.19442,500,1209.893051
942.686282,500,1216.261201.5928.128419,500,1216.998431
1147.310269,500,1217.63947
1198.259501,500,1218.21140.391033.458744,500,1224.5925.581709.849389,500,1225.202762
841.656934,500,1225.864166
1071.05715,500,1226.518456
863.560199,500,1229.877257
756.017965,500,1230.544174
1088.293957,500,1231.183244
1302.513835,500,1231.826459
1052.583891,500,1239.58236
1091.826449,500,1240.218836
1314.874628,500,1240.8924.2041137.11594,500,1241.561173.01082.610894,500,1248.066493
995.36998,500,1248.7201104.1064.206499,500,1249.369243
1033.634516,500,1250.009708
969.421989,500,1257.668143
1000.443228,500,1258.30331104576.88941,500,1258.93711168978.582994,500,1259.571427
987.983145,500,1265.345489
1120.528088,500,1266.00964
1304.80015,500,1266.66115211802.115122,500,1267.325613
1140.048063,500,1274.284354
825.70246,500,1274.92675
844.008983,500,1275.560666
1183.814057,500,1276.195984
1013.266593,500,1283.286012
1055.100851,500,1283.964443
989.760133,500,1284.627813
1255.572362,500,1285.284995
1015.149373,500,1293.329949101138.339818,500,1294.051813
1403.021056,500,1294.809526
1177.119063,500,1295.456843
1157.485278,500,1296.099462
1127.411823,500,1301.8625.0231221.800127,500,1302.563.1591935.791481,500,1303.1296.4111345.626633,500,1303.893543
1239.073741,500,1309.76725
1173.388513,500,1310.407574
1336.673478,500,1311.081196
1149.055396,500,1311.757887
1437.285277,500,1318.822937
979.147829,500,1319.461173
1171.357788,500,1320.09717998886.887319,500,1320.79953.931111.209388,500,1327.067121
858.943941,500,1327.7452
680.160302,500,1328.412878
973.456222,500,1329.083696
1252.679551,500,1332.446198
852.248917,500,1333.082026
1100.129198,500,1333.716525
1182.967803,500,1334.456457
834.202661,500,1338.10748
1156.427819,500,1338.745044
1335.313338,500,1339.394955
1374.383485,500,1340.059564
1066.829008,500,1347.973663
1061.094537,500,1348.613714
921.473609,1158.846413,500,11289.002436837.227433,500,1351384.69101848.44041,500,1356985.845851073.2323,500,1356.1013.573689,500,1357.143196
1153.5441080.671075,500,1358.957.43131300.291587,500,13631421.38502,500,1364.274401
884.996859,500,1364.916773
1411.464265,500,1365.548573
1083.138954.195682,500,1371.1385.301305.926006,500,1372.3951.438139,500,1372.837336
1121.248273,500,1373.468107
1248.296883,500,1380.251205
1246.813051,500,1380.9031851740.221537,500,1381.53708
1185.501935,500,1382.171628
1112.870894.289231,500,1383.1741.6751385.249487,501497.31081.3421208.580948,500,1390.1250.341044.138364,500,13901108.8434746.760356,500,1391.1094.538074,500,1397.66563
906.316025,500,1398.30675
675.901713,500,1398.949428
1157.760162,500,1399.594005
769.846439,500,1405.849749
1173.035051,500,1406.512186981218.748981260.546897,500,140975.947747,500,1407.889745
673.448122,1116.892616,507581041.029654,1082.317328,500,11306.589931,500,1415.794488
795.491108,500,1416.490344
1201.528635,500,1423.085954
906.634428,500,1423.752763
1034.612014,1046.947662,500,11227.146966,500,1425.042134
956.460904,5709.627664,511801401.788937,975.324636,1367.1462.595708,500,1433.129903
1139.771133,500,1433.768805.01326.661491,500,1440.268713
1423.388296,500,1440.91273.371201.316312,500,1441.662238
1128.956031,500,1442.307756
1264.66751915.643173,500,144717.88261,1072.356948,500,1355.578451,500,1449.822777
1244.744116,500,1450.457062
1236.06171089.520328,500,14561253.298319,500,1456.69934
1136.772589,500,1457.332969
749.4946711094.967734,500,11400.581463,869.181427,500,14556.925959,500,1464.744762
1380.975069,500,1465.399541
1297.248334,500,1466.072447
869.173958,1330.881396,500,11270.978734,500,1472.998914
1214.817333,500,1473.689946
1133.466304,500,1474.328107
562.95663,500,1474.982415
1438.342269,500,1479.170631
1339.860485,500,1479.837262
1218.890577,500,1480.494185
569.644973,500,1481.147847
572.820948,500,1266.786296,51314.548053,500,1485.162659
1397.362,500,1485.798397
1164.546536,500,1486.436651
1517.398023,500,1492.116188
826.692739,500,1492.778764
1313.002287,500,1493.425089
1546.939878,500,14936.237271,1048.115292,500,1500.493128
1206.169365,500,11389.738928,1369.903337,500,11387.640981,914.121889,500,151299.867304580.049319,500,1509.770244
1275.652491,500,1510.402143
1158.569072,500,1511.037718
1454.150155,500,1511.669595
1448.465172,500,1076.036955,5728.623459,500,11164.273966,1318.619175,500,11247.318609,1350.447576,500,1520.244923
1531.024173,500,1527.847476
1336.208981,500,1528.498079
654.062202,500,1509.306362,51495.074569,500,1529.827157
1407.489982,500,1536.892598
920.440819,500,1537.540395
1395.181304,500,1538.178377
1493.826179,5001227.183346,501376.11466,500,1544.84364
1130.584274,500,1545.49675
1310.654913,500,1546.142709
1251.991816,500,1546.799881
1200.493135,500,1553.236958
1377.831795,500,1553.873491
1190.767923,500,1554.584826
1075.101602,500,1555.239241
1469.239166,500,1555.918647
901.853662,500,15983.785193,1307.048406,500,1562.549098
1362.058112,500,1563.229017
1564.041585,500,1563.880045
1237.743881,500,1570.1181.4691513.784699,500,1570.783943
1188.925414,500,1439.049297,51099.533715,5001048.009923,501189.945039,500,1577.905993
1351.306273,5001404.999914,50963.032602,500,1579.195658
1082.134487,500,1579.835347
1469.986228,500,11393.7876411247.222221,500,1587.069529
1442.08432,500,1240.208819,51389.065188,500,1646.081552,51151.680109,500,1594.849312
1476.093845,500,1595.488374
1275.234915,500,1596.126098
1451.640452,500,1596.80221311310.903523,500,1602.751639
1189.157416,500,1603.390499
1190.04107,500,1604.024949
1270.783657,500,1604.669072
1049.408583,500,1840.560381,5874.713149,500,1611.105416
1236.820873,500,1611.73953
774.844731,500,1612.380933
1528.29258,500,11540.109782,1459.078632,500,1412.735652,51431.598507,500,1620.10253211286.88293,500,1620.740947
1442.251792,500,1627.158941
1476.412277,500,16271379.80671419.627689,500,1628.503169
1333.687343,500,1629.134675
1452.041822,500,16805.037602,1500.547255,500,11240.1021513927.671224,500,1636.634346
858.6222,500,1637.283265
1297.077139,500,1637.939367
862.651522,500,164411047.2061447.254852,500,1644.781783
1302.693872,500,1645.449366
1173.544497,500,1646.086124
1494.749987,500,1651500.814846.332259,500,1652.121677.91369.294692,500,1653.151364.41146.95801,500,1654.75713971205.096634,500,1660.676595
1565.969785,500,166114961318.1282.90932,500,1662.004868
1155.702033,500,1662.671456.91414.909022,500,1669.131541.11170.591352,500,1669.928911
1390.254564,500,1670.613321
1662.994168,500,1671.315043
1144.829913,500,1678.137799
1601.219343,500,1678.805363
1283.401188,500,1679.441328
1466.234689,500,1680.073148
1253.366675,500,1681561378.261507.069911,500,1615271594.901374.86891,500,1681312930.681476.84425,500,16812171593.61546.2438,500,1695.1147885.1169.988159,500,1695.710453
1691.089699,500,1696.384486
1565.550041,500,1697.1571.4381020.84664,500,1703.746789
1665.23826,500,1704.448448
1595.888118,500,1705.144687
1505.709223,500,1705.804527
722.384785,500,1712.313568
1383.730095,500,1712.955828
1092.874839,500,1713.610389
1679.051121,500,1714.25049491397.963668,500,1720.8011473.1376.651688,500,1721.473912
1399.745332,500,1722.121469
1152.267912,500,1722.761384
1330.758044,500,1723.462554
1396.437193,500,1729.169752
1236.568517,500,1729.146161121429.341419,500,1730.471441641186.75487,500,1731.104532
1497.158607,500,1737.303467
1154.911368,500,1737.961523.01396.264768,500,1738.613444
1317.948401,500,1739.275012791000.226414,500,1745.148327
1599.858736,500,1745.810782
1391.416536,500,17461390.6641272.674384,500,1747.1305.1651515.321227,500,1753.514664
1426.194984,500,1754.190976
1159.520676,500,1754.8491393.1381.970731,500,1755.480873.31347.31725,500,1761.934113
1086.51306,500,1762.51646.381391.443163,500,1763.2964.1361506.512016,500,1763.854542
1205.983897,5001551.71618.3941428.039166,5001048.82651488.1423.957761,500,1771.30436
1270.788692,500,1771.991609
1698.944642,500,17781636.85701356.706764,500,1779.101987
1538.008981,500,1779.758403
1570.744965,500,1780.402902
897.773408,500,1787.061501
1177.110465,500,1781238.10481834.005527,500,1788.33276
1475.653143,500,1788.965148
1349.142206,500,1795.198024
1069.512888,500,1791487.69501281.065615,500,1796.491565.71025.24857,500,11286.4560251336.250229,500,18128157216491283.858544,500,1802.4665863.1394.062893,500,1803.144718
1618.090988,500,1803.779333
1002.733688,500,1810.178539
1498.718179,500,1810.878889
1125.655433,500,11581.930475,1498.218046,500,1812.190049
1314.25706,500,181619.6062311444.498908,500,181270.8315691388.096205,500,1819.132439
1029.637037,500,181824.472651684.806837,500,1820.396467
1599.851218,500,1827.048846
1611.698233,500,1827.704985
1199.598702,5001321394.476905852.559901,500,1371518.282941420.458162,500,1835.401946
1664.721783,500,1836.040635
1029.561664,500,1836.694987
1378.604308,500,1837.35457311204.068008,500,1843.956963
1291.692855,500,11162.695203,1281.294137,500,1845.238057
1433.178424,500,1160.290173,91452.025996,500,1852.7073511595.10935,500,1853.349927
1240.541773,500,1853.987543
1648.042898,500,1854.628152
626.043114,500,1376.372606,51712.164971,500,1862.075147
869.538876,500,1862.74996
1564.08118,500,1863.396595
1056.713389,500,181223.9400051392.320463,500,1870.082299
1678.74593,500,18701676.72641501.906767,500,1871696.968501322.172341,500,1877.198118
1749.335257,500,1871638.827291734.581025,500,1871124.455541553.244032,500,1879.142584
1639.509774,500,1886.021243
1399.913714,500,1886.653808
1583.185948,500,1887.288156
1452.745872,500,1881535.926251093.239012,500,1894.054903
1085.00182,500,1894.696934
974.881258,500,18951344.18991597.256293,500,1895.998654
745.701673,500,1896.638067
1667.575949,500,1902.518842
1176.431549,500,1903.174853
1422.78355,500,1903.811275
1524.767093,500,1904.1526.417787.243343,500,1910.757236
1037.979817,500,1911.397663
1382.693965,500,1912.090223
884.791181,500,1912.757425
1512.969582,500,1918.465097
1205.615322,500,1919.147848
587.221684,500,1919.71428.691204.89659,500,1920.432301
1302.1932,500,1926.454044
1495.468921,500,1927.162613941235.941136,500,1927.7501503.1194.392869,500,1928.421783
1681.871965,500,1934.5751662.1462.814799,500,1935.20787
1636.12138,500,1935.81606.941201.182602,500,1936.471146
1597.031452,500,1942.770634
1809.483762,500,1943.403177
1620.799651,500,1944.051577
1257.155772,500,1944.684024
1488.965189,500,1950.320816151739.146636,500,1950.954376
1191.408087,500,1951.584658
1479.279709,500,1952.218912
1608.210404,500,1957.869817
1564.205869,500,1958.527643
1499.426159,500,1959.1936.8831636.335498,500,1585.054389,51686.521536,500,832.91621.8191311.314481,5001583.81362.7181192.091349,500881.831604.741384.547513,500,1967.485244
1241.819147,5001482.997145,511434.322993,501384.761493.2601754.682623,501649.518014,5001088.615528,500,1975.619771
1597.48453,500,1981.959688
1190.294748,500,1982.670167
1781.436131,500,1983.302017
1405.424747,500,1983.934091
1367.489078,500,191666.3626321637.47228,500,1990.77289
1278.586837,500,1991.409947
1734.75523,500,1992.048281
1642.12664,500721.457377,5001689.456232,500,1999.024008
1508.099304,500,1999.659529
1687.283359,500,20001681.11511566.082741,500,2001.043172
1792.146983,501016.257447,5001273.813339,500,201435.5555371552.507479,933.74974.4251371848.998784,1136.51268.5885611437.604143,500,2015.966688
730.794253,1303.144708,500,21576.0498241596.118249,500,201447.898651,500,2017.928301
1686.064897,500,2024.07777
1349.201276,500,2024.746606
1476.8971796.523868,500,2025.1511.1751149.535998,500,2026.1638.350628,500,21587.953862,1055.9771532.34019,500,2033.41491.291194.66821647.669635,51304.841635.36961559.041742,5882.883781,500,2041.046747
803.460285,500,2041.683919
1260.297946,500,2042.321586
1099.594597,500,2042.959974
1126.675992.811431.892919,501451.971569,500,2049.643508
1646.177222,500,2050.280305
854.1456.981381,500,2051.1281249.889932,500,2056.894406
1733.704171,5001682.36637,5001754.400971,501020.213707,5001469.435556,500,2058.824157
1633.149317,500,2065.052769
1701824.016571447.42566,500,21267.206198,500,2066.359066
1861553.226134,500,2067.191551461016.345267,500,2067.823091713.609095,500,2073.70095411404.175442,500,2074.331786
1550.54346,500,2074.97297
1912.338982,500,2075.610114
1403.607049,51648.358287,500,1735.91939,500,2081.90756
926.71373.614515,500,2082.741526.021188,5001711.348954,501272.876165,500,2089.025737
1311.71476,500,2089.684318
1069.960973,500,2090.318842
1414.297851,500,2090.951229
1662.45935,500,2096.96602
1893.11009.207046,500,2097.80835.761762.03091,500,2098.41619.349462,500,201565.8957291435.046842,500,2104.792419
1342.908199,500,21672.87944,51597.988355,500,2106.07187
935.797178,500,21905.928136,1674.479625,500,2110.991624
1759.012804,500,2111.666581
1713.625453,500,2112.335326
1016.2791386.658381,500,2113.1436.134625,500,2117.92373
1724.735608,500,21785.829116,1523.997863,500,2119.194214
1387.279262,500,21735.611192,1562.230315,500,2125.982245
1794.853901,500,2126.659166
1489.528745,500,2127.300801
1383.70341041.691097,500,2121400.394898,500,2133.799411
1645.706201808.45545,500,2134853.873166,500,2135.065387
1674.145483,500,2135.697492
1639.809084,500,21079.788699,1423.371234,500,21593.61256,51259.162351688.106721,500,2141540.049011665.61181.745823,51079.39281747.772995,500,21421781.88741548.54149,500,2148.1661.12162,1439.497741,500,21040.884905,1460.267575,500,21576.51291509.316499,500,21501704.313965,500,2156.339174
1447.318752.1618.438762,500,21594.587477,805.517498,500,211120.752668,500,2158.294151
1666.506116,500,2164.513451141120.150217,500,2165.155581151695.703211,500,2165.825402
15241797.1804.424805,500,2161230.514299,500,2172.632699
674.05421426.449399,500,211698.374773,500,2173.950663
1747.237725,500,2174.594216
1805.71567.798.974178,500,2181364.61201.567492,500,2181.51778.95850.325775,500,2182.11863.201199.1775.466449,500,1539.25041,500,2188.624835
1734.49471,500,2189.274324
1782.992337,500,2189.905358
1706.755091,500,2190.544209
1728.26468,500885.539913,500902.953191,500,2196.924576
1829.199785,500,2197.563693
1230.272087,500,2198.196424
2007.486452,500,2203.915945
1329.545609,500720.049942,5001219.820255,501813.075475,5001794.4895,500,2205.850292
1646.182754,500,2211.28291
1642.139682,500,2211.935832
1024.415383,500,2212.567422
1664.720803,500,2213.226728
1589.7502221591436.427288,5001748.615845,500,2220.011196
1578.2958517891462.42086,5001404.677429,500,2221.292986
1720.242301,500,2226.946279
1809.42556,500,2227.593977
1309.378228,500,2228.249675
1744.154882,500,2228.889879
1762.166301,500,2229.529314
1739.578078,5001870.043702,501397.863248,500,2236.400293
1700.094002,500,2237.030653
1877.304979,500,2237.663259
1852.68423,500,2243.983017
1291.326966,500,2244.615992
1804.286872,500,2245.255501
1564.681333,500,2245.934655
1585.276693,51873.062605,500,1828.973078,500,2252.165246
1570.778321,500,2252.800036
1841.100602,500,2253.437883
1598.351937,1603.544992,500,21802.525163,1774.975657,500,21178.542214,500,2260.06291
1256.633064,500,2260.722461
1478.600343,500,2267.217396
1373.50913,501223.137108,5001759.875152,500,2268.587988
1405.155485,500,2269.231269
1424.721532,50749.311265,500,1435.827296,500,2276.047602
1894.377688,51138.881446,500,1635.485121613.720194,500,2271342.42917,501491.88441,500,1606.04283,500,2284.337036
1429.318122,500,2285.023141
1483.851595,1651.565214,500,21850.72466,500,2291.401147
1355.360131786.996902,500,221700.4124,500,2292.681699
1244.120775,500,2293.352369
1702.483005,51918.089117,500,1863.963051,1977.833562,500,21657.122176,500,2300.024013
1595.492161280.508321,500,2301446.577308,500,2307.292695
1386.42017611260.910952,500,21775.586237,500,2308.644232
1343.926159,500,2309.279618
1679.6631811.311892,500,23101361.08131878.34541,500,2316.1701.6341811.316214,500,2316.1674.6051726.637731,500,2317.1535.890811,500,2317.68559
1445.381278.301998,500,2324.31862.301812.885228,500,2324.91682.31576.446552,500,2325.61961.895718.541062,500,2325.91112.798507,500,2330.637167
1660.211553.430232,500,2331.51976.11663.22132,500,2332.5171701.17772.375288,500,2332.811962.907344,500,2339.364435
878.258805,500,2340.028908
1717.931959,500,2340.688151
1062.743995,500,2341.326656
1323.19144,500,2347.318463
1735.149368,500,2347.974848
1883.415153,500,2348.611103
2015.989648,500,2349.245815
18111885.677277,500,2355.549816901399.369605,500,2356.3233776.1903,500,2356.437144
1378.633055,500,2357.076976
1770.6348,500,2362.909943
1611.561027.717994,500,2364.11285.723244,500,2364.203768
1641.449621,500,2364.839326
1478.967028,500,2370.885588
1739.801641,500,2371.543344
1809.290716,500,2372.17566
1746.811761594.951771,500,231674.324163,500,2379.246553
1737.422825,500,2379.918682
1916.653858,500,2380.566914
705.731888.412616,500,2381.71472.453962,500,2387.487049
1910.591218.451442,500,2388.71261.530542,500,2388.784907
1487.889165,500,2389.422309
1961.874301,500,2395.615742
1364.946057,500,2396.269515
1692.7736.865417,500,2397.4561685.16981401.065443,500,23971798.813221,500,2398.169664
1782.711821,500,2404.732677
1601.0491309.822126,500,2405.1487.5181730.820221,500,2406.1704.888866,500,2406.641372
1530.973149,500,2413.047373
1685.832288,500,2413.686691
16631701193.892711,500,2414.51327.061862,500,2415.069535
1569.325471,500,2421.608049
1718.432326,500,2422.247363
1437.718209,500,2422.885744
1796.394581,500,2423.523706
1639.131656,500,2429.239117
1785.550155,500,2429.876059
1797.270266,500,2430.523511
1399.74703,500,2431.157126
11594.160731,500,2437.8551297181855.987212,500,2438.14121754.931798,500,2438.581572
11719.897256,500,2439.7769571772.040838,500,2442.092188
1488.863365,500,2442.740081
11519.867864,500,2443.92709311719.631458,500,2444.5645481810.645354,500,2450.197088
1768.755458,500,2450.840253
1055.152289,500,2452.024238
1802.709962,500,2452.1085391254.955295,500,2458.739686
11859.294368,500,2458.859071171442.529759,500,2459.49751669938.544847,500,2460.15401645.658387,500,2466.630617
7191690.126939,500,2466.729611718.817718,500,2467.58815510231394.663003,500,2468.057716901372.21954,500,2474.154881161886.478984,500,2474.807511816.032573,500,2476.002337
11851.268951,500,2476.282911871455.940395,500,2476.724281521622.981968,500,2482.904561754.873716,500,2483.906518
1431678.642159,500,2484.201265181800.782887,500,2484.9171511303.056265,500,2490.860481065.269313,500,2492.071318
1340.1520.71187,500,2492.35571888965.658714,500,2493.018641189.244409,500,2499.320605
1791.70805,500,2499.954454
1881.805189,500,2500.591722
1004.953128,500,2501.225202
171744.051881,500,2506.462301191882.326407,500,2507.121049161673.186579,500,2507.7633961721812.753066,500,2508.599391271.547482,500,2515.097697
151893.078144,500,2515.184149151784.676221,500,2515.852067111634.053401,500,2516.497251791.304265,500,2522.632032
1596.224081,500,2523.620019
1736.205924,500,2523.902918
181692.759351,500,2524.339918161104.993427,500,2529.6781751816.121457,500,2530.536281915.240196,500,2531.586382
1793.636823,500,2532.231719
1601671.307301,500,2538.446321491760.686051,500,2539.085461412016.550071,500,2539.732091551763.008683,500,2540.37847900.422576,500,2547.622221
19211595.660691,500,2547.7181447.407754,500,2548.911676
1827.628846,500,2549.551665
1917.2001.123637,500,2554.9891595.1869.896274,500,2555.6921656.35482,500,2556.878636
1221730.171407,500,2557.2141851.8802155.12003,500,2563.11810.41915.279554,500,2563.71292.041882.886825,500,2564.1718.9131917.662457,500,2565.1702.531584.406718,500,2565.71811.095407,500,2572.131297
1796.575154,500,2572.765422
2031.1779.123065,500,2573.0481761.513259,500,2574.035321
19171599.670659,500,2579.4391345.931981.347146,500,2579.81998.430828,500,2581.096484
1910.061497.688552,500,2581.21767.001721.022966,500,2587.31593.801073.642301,500,2587.91275.401770.506615,500,2588.6171181.1969.061253,500,2589.1841379.1825.38255,500,2595.62041.431622.194519,500,2596.311864.71867.747546,500,2596.1985.928901,500,2598.21251
1546.485931,500,2604.215803
1381734.1813.398559,500,260418411567.1014.414241,500,2604792.15801892.785338,500,2601978.1778.503372,500,2612.3141492.736131261.929524,500,261595.99563,1892.453801,500,1711.379181,51780.314501,500,1763.097592,500,2620.41182
1681.891148,501684.138862,5001856.811774.201982.016326,5001995.936916,501981.526053,5001942.283286,501932.013351,5001988.52003.5761529.310951,5001860.376958,501441.551778,5001876.1822.90121882.675759,5001642.528988,500,2635.80402
1955.31842.73131635.818671,501922.41627.48291821.562229,501821.895547,5001240.201893,502060.81910.47591920.731789,501577.91914.73171510.974401,50917.980849,500,1955.354303,51947.041261,500,2088.861757,51651899.354545,500,2645.927021851.934377,500,1607.67173,501756.395235,500,2652.628469
2116.063131,5001994.357566,501869.932315,5001828.158013,501915.443526,5001363.22872,500899.282165,5001403.974746,501761798.420609,1839.512547,501859.13954,501605.988326,5001813.731496,500,2668.107092
1928.66074,500,2668.768651
1577.923443,5001835.368405,501672.212956,5001802.716546,501539.683997,500,2675.791002
2021786.71381,1957.841596,500161955.050707,1696.880215,500182012.649813,1883.082012,500944.251292,500,2683.380363
2051974.51179,500,2683.6659231715.317277,500,2684.653065
11886.843215,500,2684.9340111467.03756,5001405.272611,501725.516488,500,2692.55337
202026.94969,501984.366717,5012037.249077,500,2693.5240551978.692329,500,2699.517848
774.224151,500,1377.347138,511734.311637,5001206.413079,511719.550729,5002010.366611,2095.664662,500,21724.918651,991.713371,500,2708.08845
1205.781776,500,2701996.900642023.416419,500,2701786.9258017741910.883845,5001525.90461654.71946,500,2716.601843
1797.789654,500,2717.330037
1926.206956,500,2711756.125861967.311626,500,2721991.289321937.61714.967914,51602.782451342.274078,500,2721591.7992,1947.2199.057277,500,2725.4551786.639867,500,2726.442798
1775.1565.756582,2015.976649,1714.657512,500,2733.097061
2087.538169,500,21494.173776,1351.166783,500,2734.400059
1578.1883.009354,1881.770494,1468.747929,500,2740.966858
1930.998313,500,2741.610901
1575.456865,500,2742.254985
20391994.693345,1740.397023,51305.139566,500,2067.776876,51442.779058,5001756.308877,502005.94827,500,2750.25655
1991.1982.030109,500,2755.6462081.950603,500,1893.04355,501631.435883,500,2757.277005
2006.1975.600622037.57061,501960.124475,5001886.28891,5001991.347478,501976.979727,50019471765.971571907.738888,5001981917.80821302.333654,500,21414.067059,500,2771.004708
1671.563551,1934.041275,500,21405.257331810.753724,500,2772078.56481825.030987,500,27722003.205261,500,2778.802588
2027.82971985.581202,500,2771631654.421132.769177,500,2771605.728422164.759727,500,2781991483.522033.208246,500,2781576.080521751.530618,500,2782003.461783,500,2788.045592
1401.454792071.558437,500,21948.335413,500,2794.049011
1660.2150.031953.168902,500,21615.1116.902069.087003,500,21755.323,500,2796.159772
1855.42025.689043,500,2801.652095.62677,5001995.734733,501885.392471,5001240.138093,501974.890916,5002066.330321,502131.960936,500,2809.395277
1909.462558,5001969.909953,50993.011839,500,1906.38961,501014.9541325.002297.304048,51808.598243,500,1848.680144,51855.1482,500,2818.145766
1890.69966,500,2818.781297
1057.784799,500,2819.413767
1349.886851,1241.811965.054021858.9949,5642.27181457.551637.492308,500,2826.760366
2066.472725,1997.089351558.601890.049485,1661.455554,500,21830.258143,500,2834.196587
1739.7976211739.571511480.8301631.012225,500,2835.1900.5182143.898471851.7079311856.3811930.199741299.2392431915.9492013.740801837.8250711968.2422028.198001,500,28432104.00941281.175375,500,28442233.16891625.52491840.6914431252.22161919.373187,500,2850.301624
1831.716325,500,28501680.04761845.366821,500,2851.604486
1523.214342,500,28571832.43522027.0201297.007985,2232.4682123.50521880.082811,1685.0731819.14561751.052357,2119.4971969.41741828.759461945.757202057.044341,500,2862135.41821514.791867,500,28661840.02402129.63644,500,2867.1873.0902012.583032,500,2870.1965.6081498.498595,500,2870.907953
1974.541741837.1027911930.9951989.058788,500,2872.230292
1582.884145,500,2878.335874
1796.509911888.825927,500,281317.405056,500,2879.61889.811977.934935,500,2880.30845
1970.528659,500,2885.1867.9142098.182744,500,2886.369357
1999.7072031990.007375,500,281222.509684,500,2887.688084
1761.371042,500,2888.1208.3332112.267509,500,2894.1875.3221669.415079,500,2894.2019.1471502.61747,500,2895.291587
1973.403038,500,2895.927211
2081.9659751961.715398,500,291824.140984,500,2902.146653
918.147325,500,2902.858651
1880.272511773.948862,5921.131981.776404,500,2910.04969
1883.409533,500,2910.692086.2043.653081,500,2911.33820372006.13657,500,2911.976221082031.525286,52136.819295,20451064.230621,500,2917.875217582107.813563,52051.193687,500,2225.019445,1862.372302,500,22072.380904,2148.169379,515981972.749862,1985.985623,520121984.77298,52021.290694,500,2020.211927,500,2923.890491882195.433934,500,2929.543242192147.742685,500,2930.213732051828.540311,500,2930.873967
2183.657207,500,2931.52131979920.7617031563.742607,500,291751.9419451967.817868,5019742092.3763211998.88103,50020381961.944822092.639891,502022013.372442,2099.399643,500,21993.394685,500,2946.746841811807.044029,500,2947.450892172014.445602,500,2948.082921832115.389122,2081.174388,520031754.024965,1909.510731,5001982.700663,500,2955.493921
1825.832381,500,2956.180343202179.970955,51901.993515,52081924.94254,502058.1288,502052064.609308,500,2963.260818861890.517289,500,2963.901929
2180.299692,500,2969.650819642187.364479,500,2970.33441981787.618706,51760.343739,2141756.696749,500,2971.608441801999.485377,500,2972.24661161904.35762,500,2978.191437
2088.855142,500,2978.828022
2072.083244,5001797.857715,501861.15572,500,1751.195447,11933.049965,500,2042.101612,52073.91739,500,22062.93926421242.955016,500,2987.426208
2061.436962,500,2988.10928821497.245497,500,2994.129627192227.874011,5001779.378457,502191.136589,500,2995.398929
2061.827475,500,2996.03282
1819.175397,500,3002.26143511914.832985,500,3002.937755201957.164855,500,3003.604103
2129.262442,500,3004.261866222215.524512,500,3010.327797
2151.077322,502045.304097,5002095.104188,501798.790084,1101823.310946,501936.947677,5001986.520042,500,3018.205088
1035.058814,500,3018.8781889.1822.263434,500,3019.5212162.2162.939977,501808.556362031.2144.814954,500,3026.7301944.2112.282165,501215.592861946.2062.375725,500,3028.0222177.1739.744443,500,3028.661981
1393.720539,500,3032.0752187.2199.965532,500,3032.774817
1787.022848,500,3033.430757
2058.52238,500,3034.078010692131.725168,500,3040.198219721599.704521,5001715.5222016021854.173129,5001850.359513,501401.109588,500,3042.232354
2035.467278,500,3048.481386.12004.091991,500,3049.11496
1526.775907,500,3049.7581866.2168.306422,500,3050.4091840.2224.139752,500,3051.04421142139.458479,500,3053.90524
2024.12333,500,302083.0134202160.806473,500,3055.241662201500.800443,500,3055.876117
2120.945784,500,3061.733173
2071.702755,500,302088.7775351355.607563,500,3063.144401671976.72037,500,3063.788393142306.460006,500,3062148.184211741.735624,500,3070.267396
2062.568962,500,3072188.395582167.843407,500,301946.3021542117.291161,500,31614.61483222093.903672,500,31896.00522141499.63675,500,302243.9780202087.159476,500,32034.06646221930.237263,500,3082.759568
1882.712868,52219.124286,50221481.305087,500,3084.052384222030.32562,500,3084.723336
2212.535673,52030.069644,500,2086.088145,500,3091.13194922125.562231,500,3091.840997
2203.759405,500,3092.484249
2070.863657789.26441,500,30981956.438226,500,3098.999312
2182.645298,500,3099.685445202184.18711606.33058,500,309222127.992016,500,3106.126544
823.060953,500,3106.79525
1889.04382058.030856,500,31071406.506502,500,3108.066921
2114.46449,500,3113.836913
1583.853274,500,3114.470016
1231.191973,500,3115.1028811258.9141182003.621035,500,211980.789823,500,3121.634905201975.960249,500,3122.33778211793.4661591727.347113,500,172022.529707,500,3123.6221122181.93112,500,3124.276168
2091.188284,500,3130.23279822049.47083,2110.096785,500,22078.216246,1443.117336,500,12121.842533,500,3132.22433222321.008342,500,3138.55464722206.277202029.318965,500,3132007.394851951.006464,500,3122082.897751601.521587,500,3122204.985467,500,3146.76266512157.660742161.742882,500,31939.220737,500,3148.075253
2250.649241,2073.644295,500,31341.687152,500,3154.644936
2182.655762059.836862,500,3201941.01045,500,3155.948115
2139.1422362117.087408,500,312035.127268,500,3162.870494
2216.685371,500,3163.52608421602.197129,500,3164.21736822203.5129672021.311204,500,322004.043259,500,3170.40782
2145.469737,2205.979788,500,32214.843905,500,3171.720454201979.670714,500,3172.436022142297.39153,500,3178.273222122091.921692,500,3178.920861971878.082192,500,3179.571212021746.063369,500,3180.220762202186.696624,500,3185.399501
2011.598702,500,3186.07573
1937.367409,52133.292361,52152235.925495,500,3187.4162155.2043.130903,52011.993238,500,2327.570773,500,3194.1092131.2123.022207,500,3194.8332202.2189.101521,500,3195.50403
1956.66407,500,3201.289885
2165.327499,501989.532621871.1799.15245,500,3202.579969
2054.03119,500,1952.4158112304.419942,500,31997.561995,2231.940675,500,31007.28548622026.596939,500,32107.230586,1180.248852,500,32390.24862422278.45067,500,3211.774825
2214.494606,500,322169.3036032127.836385,500,3217.938963
2164.466888,500,322014.29345,2149.729682,500,32203.843467,1418.768543,500,3225.02037
2353.695796,500,322175.6272182276.530192,500,3226.352139
2215.155774,500,322056.0310171420.775278,500,3232.58463
2195.046594,500,3233.242295
2017.195101,500,3233.892365
1998.114178,500,3232074.012651995.676806,500,3240.78937522220.180057,500,3241.429383212209.22601,500,3242.08979521465.675927,500,32422175.50651666.860005,500,3248.822578
2167.099582,500,3249.462112
1092.285513,500,322235.09391,1841.042235,500,32313.92502922162.040374,500,32266.9463552206.271665,500,3257.3105561906.032872,500,3257.947062
2048.648768,500,321390.1696592089.521245,500,3264.67471
2295.329184,500,3262147.268682175.084766,500,322262.633361568.927076,500,3266.646406
2232.328236,500,3272.680408
2199.605329,500,3273.338873
2127.174115,500,322215.5601182243.013291,500,3274.640569
2185.741233,500,3280.653545
1937.246819,500,3281.32321
2134.984755,500,3281.977297
2221.483266,5001197.258768,52013.170027,500,3288.083575
2196.252224,500,3288.722408
1480.381243,501624.740989,5002046.400839,501709.059237,5002232.504799,502256.905779,5002179.831135,500,3296.492835
2002.222743,500,3297.128386
2123.584422,500,3297.77455
2239.780009,502204.195903,5002153.174828,500,3303.901118
2389.333571,500,3304.546736
2112.662895,500,3305.185687
2108.379724,500,3305.829835
2008.83833,502269.325887,5001329.797786,500,3312.605104
2110.185435,500,3313.306294
1939.523491,500,3313.940625
2204.747228,500,3319.548468
1995.036944,500,3320.190032
2133.324836,500,3320.828618
2148.817127,502029.114253,5002144.386618,502111.210869,5001217.176517,502345.87963,500,2001.040363,500,3328.732213
2423.9615921828.142574,500,331094.4833822097.509467,500,321930.992921,500,3335.610484
2196.5699322148.459476,500,332075.3442162008.4106,500,33362271.613466,500,3342.91482511494.4262162.571648,500,334321894.868464,500,3344.184914
1777.0942257.780802,500,33442212.51971927.891769,500,3349935.726311,500,3350.816543
2087.109562,500,3351.473624
2332.637674,500,3352.113141
1938.846593,500,3357.990989
2244.323481885.748621,500,3985.827067,500,3359.320016
2222.259334,500,3360.012635
1018.5781461678.405806,500,331501.525314,500,3366.153266
1378.245043,500,3366.789936
2137.964606,500,3367.422992
2172.146536,500,3373.528396
2147.387271,500,3374.204038
2173.495379,500,3374.861736
2028.169814,500,3375.496277
2229.138572,500,3376.136436
1966.49935659.521834,500,3382256.364331850.476696,500,3382374.662493,500,3383.518932222420.34842245.755462,500,3152199.104608,500,3389.904345
2253.807021,500,3390.604838192094.821492,500,3391.263615
2044.677322251.32917,500,33912315.248712,500,3397.934726192070.534906,500,3398.586754
860.408291,500,3399.238676
1855.68815,500,3399.890962
2031.345193,500,3405.84505722140.85592133.376856,500,34061916.309895,500,3407.12799422124.75481819.411577,500,34022005.943634,500,3413.838032182368.031748,500,3414.513456
1326.85822341.471003,500,34142198.98511966.816063,500,34152163.14141719.365849,500,34171785.387114,500,3422.173588
2313.723791,500,3422.808287211997.807209,500,3423.442606
1071.087008,500,3429.28914
2214.459768,500,3429.96517202252.570295,500,3430.613064181753.784232002.743896,500,3211846.667432005.519524,500,3172356.301442087.273592,500,3432311.19276,500,3438.517037
2099.949078,500,3439.15937422251.148209,500,3445.113719
2442.478789,500,3445.766393
2106.636923,500,3446.44772921927.348976,500,3447.146867232208.415652,500,3453.255167
2333.8462176.37493,500,3453212357.34727,500,3454.53417722327.667743,500,3455.17127722129.9962427.946906,500,3455.2331.1352233.196379,500,345922291.908739,500,3460.98697721075.971377.977674,500,3461.22331.571359.672533,500,3461.91465.230999,500,3468.29927212297.517811,500,3468.93494722347.352375.915863,500,3469.22168.25037,500,3470.208247
2143.321464,500,3476.142651
1995.406398,500,3476.834616
2235.392755,500,3477.50136522386.022032.737458,500,3477.2031.646541,500,3483.993237
2179.407235,500,3484.65188622305.042513,500,3485.32441622355.461595.874902,500,3485.22393.015212,500,3491.990991
1893.942965,500,3492.62622822060.432378.618124,500,3492.91962.332282.037508,500,3493.22343.870299,500,3499.424776
2418.893394,500,3500.064519212185.940921,500,3500.7042
1797.14102405.361634,500,35011675.14712310.106107,500,32221772.04192224.361628,500,3502061.134129,500,3508.729491
2235.710993,500,3509.366556
2034.364292,500,3515.291218162267.251999,500,3515.938714
2177.06332302.505402,500,35161840.955761,500,3517.220577
2240.270332,500,3523.16862121873.815147,500,3523.8025
2258.879594,500,3524.435945
2216.9118242010.919989,500,222332.512525,500,3530.799768
2339.037453,500,3531.436271
1781.118806,500,3532.126702
2306.919892,500,3532.782871
2428.457354,500,3538.77333
1374.563385,500,3539.49748
2168.587158,500,3540.162512
2416.8468341913.162855,500,352288.301941,500,3541.479365
2254.08701,500,3544.390693
1400.50361957.491957,500,32132188.569071,500,3545.698287
2258.67302237.663758,500,35452151.31202069.921733,500,35502158.832787,500,3551.058424
2272.791788,500,3551.690386
2285.3982255.617438,500,355222208.524067,500,3558.25617222166.041735,500,3558.89982051157.096175,500,3559.540637
2297.8142161.695088,500,3559.2352.0482187.178302,500,3565.2391.9512297.10808,500,3566.11734.711861,500,3567.476531722240.142350.722249,500,3567211617.02268.883786,500,3573232201.622273.392293,500,3574212329.832266.986758,500,3575211683.58883,500,3576.14397922207.5502176.660169,500,358121282.1052222.894368,500,3582.2201.20989,500,3583.466367
2217.720311,500,3584.109416
2435.4672313.961229,500,3589.2196.977173,500,3590.418259
2206.8242317.841578,500,3590.2339.0512333.626268,500,3591.2044.898467,500,3597.339684
2264.272263.766173,500,3597.22193.782281.890295,500,3598.22027.255658,500,3599.29487712129.992302.657769,500,3603.22372.978184,500,3604.550653142159.072093,500,3605.288381212214.452263.594376,500,36052320.703931,500,3611.9588
2431.885071,500,3612.609484
2064.243366,500,3613.249999
2200.630994,500,3613.928594
2368.6872219.0261,500,3614.232190.618616,500,3620.435385
1513.41987.913695,500,3620.732147.397189,500,3621.751554
2416.903937,500,3622.398334
2377.243368,500,3628.009405
2247.863003,500,3628.655982
2386.987189,500,3629.354177
1400.189196,500,3629.99025
2302.335745,500,3635.387076
2111.92154.309417,500,3635.712374.02522.329496,500,3636.381382.646268,500,3637.386848
1623.506159,500,3643.365649
2378.665226,500,3644.018125
2247.420692,500,3644.65178822468.828194,500,3645.313784
2239.2407.705516,500,3651.142157.52195.79742,500,3651.782424.419254,500,3652.810588
2175.31984.862121,500,3653.02265.062075.591834,500,3658.2272.5102152.950723,500,3659.2362.422187.118502,500,3660.2112.8862426.618971,500,36602161.282001,500,3665.351316
2303.80522324.397778,500,36652181.484569,500,3666.747591
2264.05021581.419421,500,36672389.569894,500,3671.080466
1011.923409,500,3671.756281
2288.44542308.411937,500,3672271.55575,500,3673.368588
1109.563989,500,3679.30956
2185.109846,2401.479091,500,32423.695568,2474.5381,500,3682261.880762237.484983,500,362368.3820692353.162608,500,362529.057135,500,3687.876797
2331.888859,500,3688.569948
2305.925744,500,3689.210809
2303.555196,500,3689.857656
2422.013224,500,3695.877432
1746.543282,500,3696.51161
2301.593998,500,3697.175086
2048.6532762250.349305,500,362148.325151,500,3703.898955
1822.99688,2356.193736,500,32495.045183,2256.687197,500,32278.578466,500,3705.832033
1726.607082,2368.950659,500,32477.866413,1177.140926,500,32259.812498,500,3713.264604
2096.782217,2371.256758,500,31814.849461,500,3718.67862
2314.551012,500,3719.412009
1708.674474,500,3720.112261
2213.164267,500,3720.75288
1657.021074,500,3726.519237
1442.805887,500,3727.155192
1889.998555,500,3727.79249
2490.559927,51250.703945,500,2092.412911,51387.315975,500,1853.612755,500,3734.984027
2457.25861,500,3735.6381
2365.972131,500,3736.274989
2186.087665,500,3742.324076
1722.230735,502306.682719,5002076.866099,502181.252992,5002369.978922,500,3744.295059
2446.434802,502380.078459,502277.295693,500,3750.83346
2341.072971,500,3751.485269
2278.12172,500,3752.121863
1317.57897,500,32448.026701,1658.433289,500,32599.105109,2206.013508,500,3759.610187
2569.33968,500,3760.252683
1647.34542,500,3765.898635
2023.248028,500,3762171.982891330.489475,500,3767.177671
2363.441949,500,3767.818604
1630.507146,500,3773.87105
2297.595828,500,3774.512096
2406.468531,500,3775.171634
1770.561727,500,3775.839808
2166.478116,5002286.757961,52231.471979,500,3782.300582
2449.708207,500,3782.956563
2430.046516,500,2289.703828,52142.536902,500,3784.291872
1978.727548,500,3790.395414
2362.746641,500,2556.411531,1808.772086,500,32097.71441,51524.772426,500,3792.315188
2151.404366,500,3798.163021
1755.871134,500,3798.799121
2127.099022,502091.402149,5001890.763383,500,3800.135546
1929.68866,500,3806.055588
1049.409804,501773.892628,5001812.672444,500,3807.447798
2265.014034,500,3808.112479
2104.349312,502032.716565,5002279.353398,502116.145943,5002479.68817,500,3816.035491
2075.252869,5002605.539619,502100.114724,500,3819.72943
1541.814021,500,3820.373917
2104.671848,500,3821.024819
2251.092709,500,3821.672421
2276.178386,500,3827.571296
2283.857777,52238.618496,5001459.303782,500,3828.896741
1911.519509,500,3829.537315
2295.987073,502303.005383,5002435.378057,500,3836.143005
2489.316922,500,3836.780723
2347.436578,501544.509159,5002462.778566,502325.918127,5002297.007298,501294.81327,500,2367.906241,500,3844.617637
2297.707496,2466.85016,500,382379.045573,500,3850.996737
2331.422748,500,3851.670094
2257.184835,500,3852.312054
1813.7644392331.556215,500,382121.549219,500,3853.688719
2402.983067,500,3859.639308
2367.196182344.458679,500,3852379.292038,500,3860.962851
2260.415992,500,3861.600002
2387.12142.069414,500,3867.052159.920628,500,3868.041935
2310.409489,500,3868.720498
1688.41554.916034,500,3869.01885.341682,500,3875.425672
2320.878159,500,3876.064968
2367.222499.291255,500,3876.2321.514551,500,3877.380279
1893.340526,500,3883.15989
2243.9902429.668911,500,3883.1801.802110.182486,500,3884.2382.0161937.266923,500,3884.2402.200806,500,3891.009636
2396.1732086.74532,500,3891.22074.454944,500,3892.280226
2518.582338.841105,500,3892.52373.282259.30247,500,3895.42275.306596,500,3896.459826
2520.167571,500,3897.15212
2496.11657.847408,500,3897.471752.297182,500,3903.425986
2012.36086,500,3904.074339
2023.2483,500,3904.725888
2509.601818,500,3905.361928
2266.813091,500,3911.00101
2475.639011,500,3911.695107
1624.8032271.33277,500,3911.2413.492028,500,3912.979626
2515.715989,500,3918.9636
1700.983742256.672311,500,3912356.784896,500,3920.291152
2422.51661707.788822,500,39202470.21742428.576198,500,39262343.92182403.094535,500,39271440.671831,500,3928.403949
2432.158069,500,3929.05889
2174.615077,500,3934.814628
2319.473873,500,3935.441995
2373.855078,500,3936.074823
1727.449339,500,3936.711673
2181.91782482.246537,500,39362323.785238,500,3943.024278
2369.098278,500,3943.668847
1902.271232,500,3944.31126
2375.88552330.810997,500,39442403.609673,500,3950.787382
2103.145252,500,3951.435719
2463.43053,500,3952.071637
1971.217472183.4356,500,3952.2520.448101,500,3958.568938
2496.08837,500,3959.201998
2489.786524,500,3959.856728
2276.231836,500,3960.503084
2478.697615,500,3966.559575
2422.303415,500,3967.190377
2349.826891,500,3967.837377
2158.92316.776584,500,3968.152357.811103,500,3974.615526
2346.61945.70229,500,3974.902097.305161,500,3975.897353
2372.806343,500,3976.537075
2300.82417.440047,500,3982.092328.12417.908429,500,3982.742283.42399.244499,500,3983.381271.818768,500,3984.385917
2312.563166,500,3990.345907
2413.72030.693587,500,3990.2368.892507.094277,500,3991.32216.97411,500,3992.358962
2430.85937.578196,500,3997.812313.436725,500,3998.864078
821.378042,500,3999.500273
2095.834084,500,4000.134277
2338.712352.927285,500,4005.2523.3162189.38067,500,4006.32512.472419.042679,500,4007.02410.449699,500,4008.067895
14972367.807139,500,4007.513697
007.306955
86868
